Index,Bat1,Runs,BF,SR,4s,6s,Opposition,Ground,Start_Date,Match_Id,Batsman,Player_Id
6,0,0,8,0,0,0, India,Dhaka,10-01-2010,ODI # 2941,Oshane Thomas,49619
10,1,1,3,33.33,0,0, England,Nottingham,06-07-2011,ODI # 3169,Oshane Thomas,49619
11,0,0,2,0,0,0, Australia,Pallekele,10-08-2011,ODI # 3175,Oshane Thomas,49619
12,0,0,2,0,0,0, Pakistan,Dubai (DSC),11-11-2011,ODI # 3212,Oshane Thomas,49619
14,0,0,4,0,0,0, Pakistan,Dhaka,15-03-2012,ODI # 3260,Oshane Thomas,49619
15,0,0,1,0,0,0, Bangladesh,Dhaka,20-03-2012,ODI # 3265,Oshane Thomas,49619
16,1,1,5,20,0,0, India,Port of Spain,11-07-2013,ODI # 3388,Oshane Thomas,49619
18,1,1,1,100,0,0, Pakistan,Sharjah,18-12-2013,ODI # 3445,Oshane Thomas,49619
19,2,2,11,18.18,0,0, Pakistan,Abu Dhabi,25-12-2013,ODI # 3448,Oshane Thomas,49619
27,4,4,5,80,0,0, England,The Oval,22-05-2014,ODI # 3492,Oshane Thomas,49619
30,0,0,3,0,0,0, New Zealand,Dunedin,23-01-2015,ODI # 3588,Oshane Thomas,49619
31,3,3,5,60,0,0, New Zealand,Dunedin,25-01-2015,ODI # 3590,Oshane Thomas,49619
32,7,7,17,41.17,0,0, New Zealand,Christchurch,14-02-2015,ODI # 3599,Oshane Thomas,49619
37,1,1,3,33.33,0,0, Pakistan,Colombo (RPS),22-07-2015,ODI # 3671,Oshane Thomas,49619
39,1,1,4,25,0,0, West Indies,Colombo (RPS),01-11-2015,ODI # 3701,Oshane Thomas,49619
42,8,8,9,88.88,0,0, New Zealand,Christchurch,26-12-2015,ODI # 3714,Oshane Thomas,49619
44,7,7,8,87.5,0,0, England,Nottingham,21-06-2016,ODI # 3751,Oshane Thomas,49619
46,3,3,4,75,0,0, England,Bristol,26-06-2016,ODI # 3755,Oshane Thomas,49619
48,10,10,23,43.47,1,0, England,Cardiff,02-07-2016,ODI # 3758,Oshane Thomas,49619
49,0,0,1,0,0,0, Australia,Pallekele,04-09-2016,ODI # 3776,Oshane Thomas,49619
51,0,0,1,0,0,0, West Indies,Harare,16-11-2016,ODI # 3805,Oshane Thomas,49619
55,3,3,12,25,0,0, South Africa,Port Elizabeth,28-01-2017,ODI # 3828,Oshane Thomas,49619
56,2,2,5,40,0,0, South Africa,Durban,01-02-2017,ODI # 3830,Oshane Thomas,49619
57,0,0,6,0,0,0, South Africa,Johannesburg,04-02-2017,ODI # 3831,Oshane Thomas,49619
58,20,20,28,71.42,1,1, South Africa,Centurion,10-02-2017,ODI # 3834,Oshane Thomas,49619
59,8,8,9,88.88,1,0, Bangladesh,Dambulla,25-03-2017,ODI # 3855,Oshane Thomas,49619
60,0,0,1,0,0,0, Bangladesh,Dambulla,28-03-2017,ODI # 3856,Oshane Thomas,49619
61,2,2,1,200,0,0, Bangladesh,Colombo (SSC),01-04-2017,ODI # 3858,Oshane Thomas,49619
62,0,0,3,0,0,0, South Africa,The Oval,03-06-2017,ODI # 3877,Oshane Thomas,49619
64,26,26,34,76.47,3,0, Pakistan,Cardiff,12-06-2017,ODI # 3888,Oshane Thomas,49619
65,7,7,9,77.77,1,0, Pakistan,Dubai (DSC),13-10-2017,ODI # 3922,Oshane Thomas,49619
66,1,1,2,50,0,0, Pakistan,Abu Dhabi,16-10-2017,ODI # 3924,Oshane Thomas,49619
67,23,23,30,76.66,3,0, Pakistan,Sharjah,20-10-2017,ODI # 3927,Oshane Thomas,49619
69,11,11,22,50,0,0, India,Mohali,13-12-2017,ODI # 3941,Oshane Thomas,49619
70,1,1,2,50,0,0, India,Visakhapatnam,17-12-2017,ODI # 3942,Oshane Thomas,49619
71,5,5,9,55.55,0,0, Zimbabwe,Dhaka,17-01-2018,ODI # 3955,Oshane Thomas,49619
72,1,1,6,16.66,0,0, Bangladesh,Dhaka,19-01-2018,ODI # 3959,Oshane Thomas,49619
75,2,2,4,50,0,0, Bangladesh,Dhaka,27-01-2018,ODI # 3967,Oshane Thomas,49619
76,5,5,16,31.25,1,0, South Africa,Dambulla,29-07-2018,ODI # 4025,Oshane Thomas,49619
77,7,7,8,87.5,1,0, South Africa,Dambulla,01-08-2018,ODI # 4027,Oshane Thomas,49619
78,12,12,15,80,1,0, South Africa,Pallekele,05-08-2018,ODI # 4029,Oshane Thomas,49619
81,20,20,25,80,1,1, Bangladesh,Dubai (DSC),15-09-2018,ODI # 4036,Oshane Thomas,49619
83,0,0,2,0,0,0, India,Thiruvananthapuram,01-11-2018,ODI # 4064,Oshane Thomas,914567
84,0,0,2,0,0,0, Bangladesh,Dhaka,09-12-2018,ODI # 4071,Oshane Thomas,914567
89,0,0,1,0,0,0, England,St George's,27-02-2019,ODI # 4099,Oshane Thomas,914567
91,3,3,7,42.85,0,0, Ireland,Mohali,11-03-2011,ODI # 3126,Andre Russell,276298
92,49,49,46,106.52,2,3, England,Chennai,17-03-2011,ODI # 3135,Andre Russell,276298
93,0,0,5,0,0,0, India,Chennai,20-03-2011,ODI # 3141,Andre Russell,276298
95,3,3,9,33.33,0,0, Pakistan,Bridgetown,28-04-2011,ODI # 3154,Andre Russell,276298
96,92,92,64,143.75,8,5, India,North Sound,11-06-2011,ODI # 3161,Andre Russell,276298
97,25,25,14,178.57,3,1, India,North Sound,13-06-2011,ODI # 3162,Andre Russell,276298
99,7,7,3,233.33,1,0, Bangladesh,Dhaka,13-10-2011,ODI # 3198,Andre Russell,276298
101,2,2,5,40,0,0, Bangladesh,Chattogram,18-10-2011,ODI # 3202,Andre Russell,276298
102,22,22,20,110,2,1, India,Cuttack,29-11-2011,ODI # 3217,Andre Russell,276298
103,11,11,13,84.61,2,0, India,Visakhapatnam,02-12-2011,ODI # 3219,Andre Russell,276298
104,40,40,18,222.22,4,2, India,Ahmedabad,05-12-2011,ODI # 3221,Andre Russell,276298
105,29,29,24,120.83,1,3, India,Indore,08-12-2011,ODI # 3223,Andre Russell,276298
106,53,53,42,126.19,5,3, India,Chennai,11-12-2011,ODI # 3224,Andre Russell,276298
107,1,1,4,25,0,0, Australia,Kingstown,16-03-2012,ODI # 3262,Andre Russell,276298
109,37,37,42,88.09,3,1, Australia,Kingstown,20-03-2012,ODI # 3266,Andre Russell,276298
110,34,34,32,106.25,4,0, Australia,Gros Islet,23-03-2012,ODI # 3268,Andre Russell,276298
111,41,41,33,124.24,6,0, Australia,Gros Islet,25-03-2012,ODI # 3269,Andre Russell,276298
112,7,7,13,53.84,1,0, England,Southampton,16-06-2012,ODI # 3276,Andre Russell,276298
115,42,42,24,175,3,4, New Zealand,Basseterre,11-07-2012,ODI # 3288,Andre Russell,276298
116,29,29,16,181.25,2,2, New Zealand,Basseterre,14-07-2012,ODI # 3289,Andre Russell,276298
117,59,59,40,147.5,6,3, New Zealand,Basseterre,16-07-2012,ODI # 3290,Andre Russell,276298
118,0,0,3,0,0,0, Bangladesh,Khulna,30-11-2012,ODI # 3309,Andre Russell,276298
119,9,9,15,60,1,0, Bangladesh,Khulna,02-12-2012,ODI # 3310,Andre Russell,276298
120,0,0,4,0,0,0, Bangladesh,Dhaka,08-12-2012,ODI # 3313,Andre Russell,276298
121,43,43,31,138.7,6,1, Australia,Canberra,06-02-2013,ODI # 3332,Andre Russell,276298
122,18,18,17,105.88,1,1, Australia,Sydney,08-02-2013,ODI # 3333,Andre Russell,276298
123,4,4,9,44.44,0,0, Zimbabwe,St George's,22-02-2013,ODI # 3337,Andre Russell,276298
125,6,6,3,200,1,0, New Zealand,Hamilton,08-01-2014,ODI # 3453,Andre Russell,276298
126,1,1,2,50,0,0, India,Kochi,08-10-2014,ODI # 3531,Andre Russell,276298
127,4,4,6,66.66,0,0, India,Delhi,11-10-2014,ODI # 3533,Andre Russell,276298
128,46,46,23,200,6,3, India,Dharamsala,17-10-2014,ODI # 3535,Andre Russell,276298
129,19,19,8,237.5,1,2, South Africa,Durban,16-01-2015,ODI # 3579,Andre Russell,276298
130,0,0,1,0,0,0, South Africa,Johannesburg,18-01-2015,ODI # 3583,Andre Russell,276298
131,16,16,25,64,2,0, South Africa,East London,21-01-2015,ODI # 3587,Andre Russell,276298
132,64,64,40,160,5,5, South Africa,Port Elizabeth,25-01-2015,ODI # 3591,Andre Russell,276298
133,24,24,12,200,4,1, South Africa,Centurion,28-01-2015,ODI # 3593,Andre Russell,276298
134,27,27,13,207.69,3,1, Ireland,Nelson,16-02-2015,ODI # 3603,Andre Russell,276298
135,42,42,13,323.07,3,4, Pakistan,Christchurch,21-02-2015,ODI # 3608,Andre Russell,276298
137,0,0,3,0,0,0, South Africa,Sydney,27-02-2015,ODI # 3616,Andre Russell,276298
138,8,8,8,100,0,1, India,Perth,06-03-2015,ODI # 3625,Andre Russell,276298
139,7,7,8,87.5,0,1, U.A.E.,Napier,15-03-2015,ODI # 3638,Andre Russell,276298
140,20,20,11,181.81,1,2, New Zealand,Wellington,21-03-2015,ODI # 3643,Andre Russell,276298
141,41,41,24,170.83,3,3, Sri Lanka,Colombo (RPS),01-11-2015,ODI # 3701,Andre Russell,276298
142,13,13,12,108.33,1,1, Bangladesh,Providence,22-07-2018,ODI # 4022,Andre Russell,276298
145,0,0,3,0,0,0, Bangladesh,Roseau,26-07-2009,ODI # 2862,Kemar Roach,230553
147,10,10,11,90.9,1,0, Bangladesh,Basseterre,31-07-2009,ODI # 2865,Kemar Roach,230553
148,3,3,8,37.5,0,0, Australia,Johannesburg,26-09-2009,ODI # 2897,Kemar Roach,230553
149,4,4,10,40,0,0, India,Johannesburg,30-09-2009,ODI # 2904,Kemar Roach,230553
152,1,1,1,100,0,0, Zimbabwe,Providence,04-03-2010,ODI # 2967,Kemar Roach,230553
154,2,2,1,200,0,0, Zimbabwe,Kingstown,10-03-2010,ODI # 2972,Kemar Roach,230553
157,9,9,8,112.5,0,0, Sri Lanka,Colombo (SSC),03-02-2011,ODI # 3096,Kemar Roach,230553
158,2,2,6,33.33,0,0, South Africa,Delhi,24-02-2011,ODI # 3106,Kemar Roach,230553
161,1,1,2,50,0,0, Ireland,Mohali,11-03-2011,ODI # 3126,Kemar Roach,230553
162,0,0,2,0,0,0, England,Chennai,17-03-2011,ODI # 3135,Kemar Roach,230553
163,16,16,43,37.2,2,0, Pakistan,Dhaka,23-03-2011,ODI # 3142,Kemar Roach,230553
165,24,24,40,60,2,1, Pakistan,Gros Islet,25-04-2011,ODI # 3153,Kemar Roach,230553
166,0,0,6,0,0,0, Pakistan,Bridgetown,28-04-2011,ODI # 3154,Kemar Roach,230553
168,7,7,10,70,0,0, India,North Sound,11-06-2011,ODI # 3161,Kemar Roach,230553
169,4,4,6,66.66,0,0, India,North Sound,13-06-2011,ODI # 3162,Kemar Roach,230553
173,0,0,18,0,0,0, Bangladesh,Chattogram,18-10-2011,ODI # 3202,Kemar Roach,230553
174,12,12,15,80,1,0, India,Cuttack,29-11-2011,ODI # 3217,Kemar Roach,230553
175,24,24,36,66.66,3,0, India,Visakhapatnam,02-12-2011,ODI # 3219,Kemar Roach,230553
177,7,7,19,36.84,1,0, India,Indore,08-12-2011,ODI # 3223,Kemar Roach,230553
178,0,0,15,0,0,0, India,Chennai,11-12-2011,ODI # 3224,Kemar Roach,230553
179,1,1,7,14.28,0,0, Australia,Kingstown,16-03-2012,ODI # 3262,Kemar Roach,230553
181,9,9,10,90,1,0, Australia,Kingstown,20-03-2012,ODI # 3266,Kemar Roach,230553
183,2,2,7,28.57,0,0, Australia,Gros Islet,25-03-2012,ODI # 3269,Kemar Roach,230553
184,3,3,9,33.33,0,0, Bangladesh,Khulna,30-11-2012,ODI # 3309,Kemar Roach,230553
185,3,3,7,42.85,0,0, Bangladesh,Dhaka,07-12-2012,ODI # 3312,Kemar Roach,230553
186,0,0,2,0,0,0, Bangladesh,Dhaka,08-12-2012,ODI # 3313,Kemar Roach,230553
187,1,1,2,50,0,0, Australia,Perth,01-02-2013,ODI # 3330,Kemar Roach,230553
189,1,1,1,100,0,0, Australia,Canberra,06-02-2013,ODI # 3332,Kemar Roach,230553
190,2,2,4,50,0,0, Australia,Melbourne,10-02-2013,ODI # 3334,Kemar Roach,230553
194,5,5,6,83.33,1,0, Pakistan,The Oval,07-06-2013,ODI # 3364,Kemar Roach,230553
195,0,0,8,0,0,0, India,The Oval,11-06-2013,ODI # 3368,Kemar Roach,230553
197,14,14,32,43.75,0,0, India,Kingston,30-06-2013,ODI # 3380,Kemar Roach,230553
198,34,34,33,103.03,3,2, India,Port of Spain,05-07-2013,ODI # 3383,Kemar Roach,230553
199,8,8,11,72.72,1,0, Sri Lanka,Port of Spain,07-07-2013,ODI # 3385,Kemar Roach,230553
200,1,1,9,11.11,0,0, Pakistan,Providence,14-07-2013,ODI # 3389,Kemar Roach,230553
201,0,0,1,0,0,0, Pakistan,Providence,16-07-2013,ODI # 3390,Kemar Roach,230553
202,6,6,5,120,1,0, Pakistan,Gros Islet,19-07-2013,ODI # 3391,Kemar Roach,230553
208,0,0,1,0,0,0, India,Perth,06-03-2015,ODI # 3625,Kemar Roach,230553
214,0,0,1,0,0,0, Afghanistan,Harare,25-03-2018,ODI # 4007,Kemar Roach,230553
215,26,26,22,118.18,2,1, India,Guwahati,21-10-2018,ODI # 4056,Kemar Roach,230553
217,15,15,19,78.94,1,1, India,Pune,27-10-2018,ODI # 4062,Kemar Roach,230553
218,6,6,27,22.22,0,0, India,Mumbai (BS),29-10-2018,ODI # 4063,Kemar Roach,230553
219,5,5,15,33.33,1,0, India,Thiruvananthapuram,01-11-2018,ODI # 4064,Kemar Roach,230553
220,5,5,8,62.5,0,0, Bangladesh,Dhaka,09-12-2018,ODI # 4071,Kemar Roach,230553
222,3,3,8,37.5,0,0, Bangladesh,Sylhet,14-12-2018,ODI # 4073,Kemar Roach,230553
224,1,1,2,50,0,0, Bangladesh,Dublin,07-05-2019,ODI # 4129,Kemar Roach,230553
226,3,3,4,75,0,0, Bangladesh,Dublin (Malahide),13-05-2019,ODI # 4134,Kemar Roach,230553
228,0,0,4,0,0,0, England,Bridgetown,20-02-2019,ODI # 4096,Nicholas Pooran ,604302
229,5,5,6,83.33,0,0, Sri Lanka,Harare,16-11-2016,ODI # 3805,Ashley Nurse,315594
231,2,2,3,66.66,0,0, Sri Lanka,Bulawayo,23-11-2016,ODI # 3808,Ashley Nurse,315594
233,21,21,15,140,0,2, England,North Sound,03-03-2017,ODI # 3845,Ashley Nurse,315594
234,13,13,10,130,2,0, England,North Sound,05-03-2017,ODI # 3848,Ashley Nurse,315594
235,6,6,9,66.66,1,0, England,Bridgetown,09-03-2017,ODI # 3849,Ashley Nurse,315594
236,34,34,15,226.66,5,1, Pakistan,Providence,07-04-2017,ODI # 3861,Ashley Nurse,315594
237,44,44,43,102.32,6,1, Pakistan,Providence,09-04-2017,ODI # 3862,Ashley Nurse,315594
238,10,10,13,76.92,0,0, Pakistan,Providence,11-04-2017,ODI # 3863,Ashley Nurse,315594
239,12,12,15,80,1,0, Afghanistan,Gros Islet,09-06-2017,ODI # 3884,Ashley Nurse,315594
243,19,19,25,76,1,0, India,Port of Spain,25-06-2017,ODI # 3896,Ashley Nurse,315594
244,6,6,6,100,1,0, India,North Sound,30-06-2017,ODI # 3898,Ashley Nurse,315594
245,4,4,12,33.33,0,0, India,North Sound,02-07-2017,ODI # 3900,Ashley Nurse,315594
246,0,0,4,0,0,0, India,Kingston,06-07-2017,ODI # 3902,Ashley Nurse,315594
247,1,1,8,12.5,0,0, England,Manchester,19-09-2017,ODI # 3911,Ashley Nurse,315594
249,1,1,5,20,0,0, England,Bristol,24-09-2017,ODI # 3915,Ashley Nurse,315594
251,31,31,12,258.33,3,2, England,Southampton,29-09-2017,ODI # 3918,Ashley Nurse,315594
252,2,2,8,25,0,0, New Zealand,Whangarei,20-12-2017,ODI # 3943,Ashley Nurse,315594
253,27,27,33,81.81,3,0, New Zealand,Christchurch,23-12-2017,ODI # 3944,Ashley Nurse,315594
254,1,1,7,14.28,0,0, New Zealand,Christchurch,26-12-2017,ODI # 3945,Ashley Nurse,315594
257,10,10,14,71.42,1,0, Ireland,Harare,10-03-2018,ODI # 3993,Ashley Nurse,315594
258,10,10,15,66.66,0,0, Afghanistan,Harare,15-03-2018,ODI # 3997,Ashley Nurse,315594
259,8,8,8,100,1,0, Zimbabwe,Harare,19-03-2018,ODI # 4002,Ashley Nurse,315594
260,5,5,8,62.5,0,0, Scotland,Harare,21-03-2018,ODI # 4004,Ashley Nurse,315594
261,26,26,29,89.65,3,0, Afghanistan,Harare,25-03-2018,ODI # 4007,Ashley Nurse,315594
262,7,7,11,63.63,0,0, Bangladesh,Providence,22-07-2018,ODI # 4022,Ashley Nurse,315594
263,3,3,8,37.5,0,0, Bangladesh,Providence,25-07-2018,ODI # 4023,Ashley Nurse,315594
264,5,5,7,71.42,0,0, Bangladesh,Basseterre,28-07-2018,ODI # 4024,Ashley Nurse,315594
265,2,2,2,100,0,0, India,Guwahati,21-10-2018,ODI # 4056,Ashley Nurse,315594
266,5,5,7,71.42,0,0, India,Visakhapatnam,24-10-2018,ODI # 4059,Ashley Nurse,315594
267,40,40,22,181.81,4,2, India,Pune,27-10-2018,ODI # 4062,Ashley Nurse,315594
268,8,8,13,61.53,1,0, India,Mumbai (BS),29-10-2018,ODI # 4063,Ashley Nurse,315594
269,25,25,8,312.5,1,3, England,Bridgetown,20-02-2019,ODI # 4096,Ashley Nurse,315594
270,13,13,16,81.25,0,0, England,Bridgetown,22-02-2019,ODI # 4097,Ashley Nurse,315594
272,43,43,41,104.87,5,0, England,St George's,27-02-2019,ODI # 4099,Ashley Nurse,315594
275,19,19,17,111.76,0,1, Bangladesh,Dublin,07-05-2019,ODI # 4129,Ashley Nurse,315594
277,14,14,12,116.66,1,0, Bangladesh,Dublin (Malahide),13-05-2019,ODI # 4134,Ashley Nurse,315594
279,22,22,30,73.33,4,0, Pakistan,Abu Dhabi,05-10-2016,ODI # 3789,Evin Lewis,431901
280,27,27,50,54,1,0, Sri Lanka,Harare,16-11-2016,ODI # 3805,Evin Lewis,431901
281,18,18,17,105.88,4,0, Zimbabwe,Bulawayo,19-11-2016,ODI # 3806,Evin Lewis,431901
282,148,148,122,121.31,15,4, Sri Lanka,Bulawayo,23-11-2016,ODI # 3808,Evin Lewis,431901
283,9,9,9,100,2,0, Zimbabwe,Bulawayo,25-11-2016,ODI # 3809,Evin Lewis,431901
284,21,21,33,63.63,2,0, England,North Sound,03-03-2017,ODI # 3845,Evin Lewis,431901
285,8,8,9,88.88,2,0, England,North Sound,05-03-2017,ODI # 3848,Evin Lewis,431901
286,0,0,3,0,0,0, England,Bridgetown,09-03-2017,ODI # 3849,Evin Lewis,431901
287,47,47,63,74.6,3,2, Pakistan,Providence,07-04-2017,ODI # 3861,Evin Lewis,431901
288,13,13,14,92.85,2,0, Pakistan,Providence,09-04-2017,ODI # 3862,Evin Lewis,431901
289,16,16,22,72.72,1,0, Pakistan,Providence,11-04-2017,ODI # 3863,Evin Lewis,431901
290,21,21,47,44.68,0,0, Afghanistan,Gros Islet,09-06-2017,ODI # 3884,Evin Lewis,431901
291,33,33,36,91.66,5,0, Afghanistan,Gros Islet,11-06-2017,ODI # 3887,Evin Lewis,431901
294,21,21,37,56.75,2,0, India,Port of Spain,25-06-2017,ODI # 3896,Evin Lewis,431901
295,2,2,5,40,0,0, India,North Sound,30-06-2017,ODI # 3898,Evin Lewis,431901
296,35,35,60,58.33,2,2, India,North Sound,02-07-2017,ODI # 3900,Evin Lewis,431901
297,9,9,20,45,0,0, India,Kingston,06-07-2017,ODI # 3902,Evin Lewis,431901
298,11,11,14,78.57,1,0, England,Manchester,19-09-2017,ODI # 3911,Evin Lewis,431901
300,13,13,8,162.5,0,2, England,Bristol,24-09-2017,ODI # 3915,Evin Lewis,431901
301,176,176,130,135.38,17,7, England,The Oval,27-09-2017,ODI # 3916,Evin Lewis,431901
302,76,76,100,76,7,1, New Zealand,Whangarei,20-12-2017,ODI # 3943,Evin Lewis,431901
303,10,10,17,58.82,2,0, New Zealand,Christchurch,23-12-2017,ODI # 3944,Evin Lewis,431901
304,31,31,49,63.26,3,0, U.A.E.,Harare,06-03-2018,ODI # 3987,Evin Lewis,431901
305,8,8,6,133.33,0,1, P.N.G.,Harare,08-03-2018,ODI # 3991,Evin Lewis,431901
306,9,9,11,81.81,2,0, Ireland,Harare,10-03-2018,ODI # 3993,Evin Lewis,431901
307,27,27,37,72.97,4,0, Afghanistan,Harare,15-03-2018,ODI # 3997,Evin Lewis,431901
308,64,64,75,85.33,7,1, Zimbabwe,Harare,19-03-2018,ODI # 4002,Evin Lewis,431901
309,66,66,87,75.86,7,2, Scotland,Harare,21-03-2018,ODI # 4004,Evin Lewis,431901
310,27,27,36,75,6,0, Afghanistan,Harare,25-03-2018,ODI # 4007,Evin Lewis,431901
311,17,17,29,58.62,2,1, Bangladesh,Providence,22-07-2018,ODI # 4022,Evin Lewis,431901
312,12,12,18,66.66,1,1, Bangladesh,Providence,25-07-2018,ODI # 4023,Evin Lewis,431901
313,13,13,33,39.39,1,0, Bangladesh,Basseterre,28-07-2018,ODI # 4024,Evin Lewis,431901
314,47,47,81,58.02,4,1, Sri Lanka,Harare,16-11-2016,ODI # 3805,Shai Hope,581379
315,101,101,120,84.16,4,4, Zimbabwe,Bulawayo,19-11-2016,ODI # 3806,Shai Hope,581379
316,25,25,32,78.12,2,0, Sri Lanka,Bulawayo,23-11-2016,ODI # 3808,Shai Hope,581379
317,14,14,22,63.63,2,0, Zimbabwe,Bulawayo,25-11-2016,ODI # 3809,Shai Hope,581379
318,31,31,38,81.57,2,0, England,North Sound,03-03-2017,ODI # 3845,Shai Hope,581379
319,16,16,27,59.25,1,0, England,North Sound,05-03-2017,ODI # 3848,Shai Hope,581379
320,16,16,42,38.09,1,0, England,Bridgetown,09-03-2017,ODI # 3849,Shai Hope,581379
321,24,24,34,70.58,1,1, Pakistan,Providence,07-04-2017,ODI # 3861,Shai Hope,581379
322,15,15,12,125,3,0, Pakistan,Providence,09-04-2017,ODI # 3862,Shai Hope,581379
323,71,71,112,63.39,1,2, Pakistan,Providence,11-04-2017,ODI # 3863,Shai Hope,581379
324,35,35,63,55.55,1,1, Afghanistan,Gros Islet,09-06-2017,ODI # 3884,Shai Hope,581379
325,48,48,77,62.33,3,0, Afghanistan,Gros Islet,11-06-2017,ODI # 3887,Shai Hope,581379
328,81,81,88,92.04,5,3, India,Port of Spain,25-06-2017,ODI # 3896,Shai Hope,581379
329,24,24,50,48,2,0, India,North Sound,30-06-2017,ODI # 3898,Shai Hope,581379
330,25,25,39,64.1,1,0, India,North Sound,02-07-2017,ODI # 3900,Shai Hope,581379
331,51,51,98,52.04,5,0, India,Kingston,06-07-2017,ODI # 3902,Shai Hope,581379
332,35,35,57,61.4,4,0, England,Manchester,19-09-2017,ODI # 3911,Shai Hope,581379
334,20,20,25,80,4,0, England,Bristol,24-09-2017,ODI # 3915,Shai Hope,581379
335,11,11,11,100,2,0, England,The Oval,27-09-2017,ODI # 3916,Shai Hope,581379
336,72,72,95,75.78,4,1, England,Southampton,29-09-2017,ODI # 3918,Shai Hope,581379
337,0,0,1,0,0,0, New Zealand,Whangarei,20-12-2017,ODI # 3943,Shai Hope,581379
338,23,23,19,121.05,3,0, New Zealand,Christchurch,23-12-2017,ODI # 3944,Shai Hope,581379
339,2,2,4,50,0,0, New Zealand,Christchurch,26-12-2017,ODI # 3945,Shai Hope,581379
340,35,35,27,129.62,1,3, U.A.E.,Harare,06-03-2018,ODI # 3987,Shai Hope,581379
341,49,49,115,42.6,3,0, P.N.G.,Harare,08-03-2018,ODI # 3991,Shai Hope,581379
342,7,7,14,50,1,0, Ireland,Harare,10-03-2018,ODI # 3993,Shai Hope,581379
343,43,43,94,45.74,0,0, Afghanistan,Harare,15-03-2018,ODI # 3997,Shai Hope,581379
344,76,76,97,78.35,5,1, Zimbabwe,Harare,19-03-2018,ODI # 4002,Shai Hope,581379
345,0,0,6,0,0,0, Scotland,Harare,21-03-2018,ODI # 4004,Shai Hope,581379
346,23,23,33,69.69,0,1, Afghanistan,Harare,25-03-2018,ODI # 4007,Shai Hope,581379
347,6,6,11,54.54,0,0, Bangladesh,Providence,22-07-2018,ODI # 4022,Shai Hope,581379
348,25,25,43,58.13,3,0, Bangladesh,Providence,25-07-2018,ODI # 4023,Shai Hope,581379
349,64,64,94,68.08,5,0, Bangladesh,Basseterre,28-07-2018,ODI # 4024,Shai Hope,581379
350,32,32,51,62.74,2,0, India,Guwahati,21-10-2018,ODI # 4056,Shai Hope,581379
351,123,123,134,91.79,10,3, India,Visakhapatnam,24-10-2018,ODI # 4059,Shai Hope,581379
352,95,95,113,84.07,6,3, India,Pune,27-10-2018,ODI # 4062,Shai Hope,581379
353,0,0,2,0,0,0, India,Mumbai (BS),29-10-2018,ODI # 4063,Shai Hope,581379
354,0,0,5,0,0,0, India,Thiruvananthapuram,01-11-2018,ODI # 4064,Shai Hope,581379
355,43,43,59,72.88,3,0, Bangladesh,Dhaka,09-12-2018,ODI # 4071,Shai Hope,581379
356,146,146,144,101.38,12,3, Bangladesh,Dhaka,11-12-2018,ODI # 4072,Shai Hope,581379
357,108,108,131,82.44,9,1, Bangladesh,Sylhet,14-12-2018,ODI # 4073,Shai Hope,581379
358,64,64,65,98.46,7,1, England,Bridgetown,20-02-2019,ODI # 4096,Shai Hope,581379
359,33,33,45,73.33,1,2, England,Bridgetown,22-02-2019,ODI # 4097,Shai Hope,581379
361,5,5,7,71.42,1,0, England,St George's,27-02-2019,ODI # 4099,Shai Hope,581379
362,13,13,18,72.22,0,1, England,Gros Islet,02-03-2019,ODI # 4103,Shai Hope,581379
363,170,170,152,111.84,22,2, Ireland,Dublin,05-05-2019,ODI # 4128,Shai Hope,581379
364,109,109,132,82.57,11,1, Bangladesh,Dublin,07-05-2019,ODI # 4129,Shai Hope,581379
365,30,30,32,93.75,4,0, Ireland,Dublin (Malahide),11-05-2019,ODI # 4132,Shai Hope,581379
366,87,87,108,80.55,6,1, Bangladesh,Dublin (Malahide),13-05-2019,ODI # 4134,Shai Hope,581379
367,74,74,64,115.62,6,3, Bangladesh,Dublin (Malahide),17-05-2019,ODI # 4137,Shai Hope,581379
368,29,29,42,69.04,4,0, New Zealand,Whangarei,20-12-2017,ODI # 3943,Shimron Hetmyer,670025
369,2,2,4,50,0,0, New Zealand,Christchurch,23-12-2017,ODI # 3944,Shimron Hetmyer,670025
370,127,127,93,136.55,14,4, U.A.E.,Harare,06-03-2018,ODI # 3987,Shimron Hetmyer,670025
371,8,8,12,66.66,1,0, P.N.G.,Harare,08-03-2018,ODI # 3991,Shimron Hetmyer,670025
372,36,36,40,90,3,1, Ireland,Harare,10-03-2018,ODI # 3993,Shimron Hetmyer,670025
373,15,15,22,68.18,1,0, Afghanistan,Harare,15-03-2018,ODI # 3997,Shimron Hetmyer,670025
374,13,13,7,185.71,0,1, Zimbabwe,Harare,19-03-2018,ODI # 4002,Shimron Hetmyer,670025
375,4,4,11,36.36,0,0, Scotland,Harare,21-03-2018,ODI # 4004,Shimron Hetmyer,670025
376,38,38,51,74.5,3,0, Afghanistan,Harare,25-03-2018,ODI # 4007,Shimron Hetmyer,670025
377,52,52,78,66.66,5,0, Bangladesh,Providence,22-07-2018,ODI # 4022,Shimron Hetmyer,670025
378,125,125,93,134.4,3,7, Bangladesh,Providence,25-07-2018,ODI # 4023,Shimron Hetmyer,670025
379,30,30,42,71.42,2,0, Bangladesh,Basseterre,28-07-2018,ODI # 4024,Shimron Hetmyer,670025
380,106,106,78,135.89,6,6, India,Guwahati,21-10-2018,ODI # 4056,Shimron Hetmyer,670025
381,94,94,64,146.87,4,7, India,Visakhapatnam,24-10-2018,ODI # 4059,Shimron Hetmyer,670025
382,37,37,21,176.19,2,3, India,Pune,27-10-2018,ODI # 4062,Shimron Hetmyer,670025
383,13,13,11,118.18,2,0, India,Mumbai (BS),29-10-2018,ODI # 4063,Shimron Hetmyer,670025
384,9,9,11,81.81,1,0, India,Thiruvananthapuram,01-11-2018,ODI # 4064,Shimron Hetmyer,670025
385,6,6,13,46.15,0,0, Bangladesh,Dhaka,09-12-2018,ODI # 4071,Shimron Hetmyer,670025
386,14,14,10,140,0,1, Bangladesh,Dhaka,11-12-2018,ODI # 4072,Shimron Hetmyer,670025
387,0,0,6,0,0,0, Bangladesh,Sylhet,14-12-2018,ODI # 4073,Shimron Hetmyer,670025
388,20,20,15,133.33,2,1, England,Bridgetown,20-02-2019,ODI # 4096,Shimron Hetmyer,670025
389,104,104,83,125.3,7,4, England,Bridgetown,22-02-2019,ODI # 4097,Shimron Hetmyer,670025
391,6,6,2,300,0,1, England,St George's,27-02-2019,ODI # 4099,Shimron Hetmyer,670025
392,11,11,6,183.33,2,0, England,Gros Islet,02-03-2019,ODI # 4103,Shimron Hetmyer,670025
394,2,2,6,33.33,0,0, South Africa,Bridgetown,24-06-2016,ODI # 3754,Shannon Gabriel,446101
395,1,1,1,100,0,0, Australia,Bridgetown,26-06-2016,ODI # 3756,Shannon Gabriel,446101
396,2,2,8,25,0,0, Pakistan,Sharjah,30-09-2016,ODI # 3784,Shannon Gabriel,446101
397,1,1,3,33.33,0,0, Pakistan,Abu Dhabi,05-10-2016,ODI # 3789,Shannon Gabriel,446101
398,0,0,2,0,0,0, Sri Lanka,Harare,16-11-2016,ODI # 3805,Shannon Gabriel,446101
401,0,0,4,0,0,0, England,North Sound,03-03-2017,ODI # 3845,Shannon Gabriel,446101
402,1,1,2,50,0,0, England,North Sound,05-03-2017,ODI # 3848,Shannon Gabriel,446101
406,2,2,5,40,0,0, Afghanistan,Gros Islet,09-06-2017,ODI # 3884,Shannon Gabriel,446101
409,0,0,2,0,0,0, New Zealand,Christchurch,23-12-2017,ODI # 3944,Shannon Gabriel,446101
410,12,12,20,60,1,0, New Zealand,Christchurch,26-12-2017,ODI # 3945,Shannon Gabriel,446101
415,5,5,7,71.42,1,0, India,Pune,27-10-2018,ODI # 4062,Fabian Allen,670013
416,10,10,17,58.82,1,0, India,Mumbai (BS),29-10-2018,ODI # 4063,Fabian Allen,670013
417,4,4,11,36.36,0,0, India,Thiruvananthapuram,01-11-2018,ODI # 4064,Fabian Allen,670013
418,6,6,17,35.29,0,1, Bangladesh,Sylhet,14-12-2018,ODI # 4073,Fabian Allen,670013
420,7,7,9,77.77,1,0, Bangladesh,Dublin (Malahide),13-05-2019,ODI # 4134,Fabian Allen,670013
422,1,1,1,100,0,0, South Africa,Port Elizabeth,25-01-2015,ODI # 3591,Sheldon Cottrell,495551
423,2,2,8,25,0,0, South Africa,Centurion,28-01-2015,ODI # 3593,Sheldon Cottrell,495551
424,8,8,11,72.72,1,0, New Zealand,Christchurch,23-12-2017,ODI # 3944,Sheldon Cottrell,495551
425,3,3,4,75,0,0, New Zealand,Christchurch,26-12-2017,ODI # 3945,Sheldon Cottrell,495551
433,4,4,7,57.14,0,0, Bangladesh,Dublin,07-05-2019,ODI # 4129,Sheldon Cottrell,495551
435,8,8,4,200,0,1, Bangladesh,Dublin (Malahide),13-05-2019,ODI # 4134,Sheldon Cottrell,495551
436,19,19,16,118.75,2,0, India,Kingston,26-06-2009,ODI # 2852,Darren Bravo,277472
438,21,21,15,140,3,0, India,Gros Islet,03-07-2009,ODI # 2854,Darren Bravo,277472
440,14,14,35,40,1,0, Zimbabwe,Kingstown,14-03-2010,ODI # 2976,Darren Bravo,277472
441,74,74,75,98.66,6,2, Canada,Kingston,13-04-2010,ODI # 2977,Darren Bravo,277472
442,28,28,36,77.77,0,2, Ireland,Kingston,15-04-2010,ODI # 2978,Darren Bravo,277472
443,1,1,6,16.66,0,0, South Africa,Roseau,28-05-2010,ODI # 2982,Darren Bravo,277472
444,45,45,31,145.16,3,1, South Africa,Roseau,30-05-2010,ODI # 2984,Darren Bravo,277472
445,17,17,47,36.17,0,0, South Africa,Port of Spain,03-06-2010,ODI # 2987,Darren Bravo,277472
446,8,8,22,36.36,0,0, Sri Lanka,Colombo (SSC),31-01-2011,ODI # 3092,Darren Bravo,277472
447,39,39,64,60.93,0,3, Sri Lanka,Colombo (SSC),03-02-2011,ODI # 3096,Darren Bravo,277472
448,79,79,91,86.81,9,1, Sri Lanka,Colombo (SSC),06-02-2011,ODI # 3099,Darren Bravo,277472
449,73,73,82,89.02,8,1, South Africa,Delhi,24-02-2011,ODI # 3106,Darren Bravo,277472
450,30,30,38,78.94,1,2, Netherlands,Delhi,28-02-2011,ODI # 3112,Darren Bravo,277472
451,9,9,26,34.61,1,0, Bangladesh,Dhaka,04-03-2011,ODI # 3118,Darren Bravo,277472
452,0,0,3,0,0,0, Ireland,Mohali,11-03-2011,ODI # 3126,Darren Bravo,277472
453,5,5,15,33.33,1,0, England,Chennai,17-03-2011,ODI # 3135,Darren Bravo,277472
454,22,22,29,75.86,1,1, India,Chennai,20-03-2011,ODI # 3141,Darren Bravo,277472
455,0,0,3,0,0,0, Pakistan,Dhaka,23-03-2011,ODI # 3142,Darren Bravo,277472
456,67,67,109,61.46,1,1, Pakistan,Gros Islet,23-04-2011,ODI # 3152,Darren Bravo,277472
457,12,12,18,66.66,2,0, Pakistan,Gros Islet,25-04-2011,ODI # 3153,Darren Bravo,277472
458,47,47,77,61.03,3,1, Pakistan,Bridgetown,28-04-2011,ODI # 3154,Darren Bravo,277472
459,21,21,26,80.76,3,0, Pakistan,Bridgetown,02-05-2011,ODI # 3155,Darren Bravo,277472
461,4,4,8,50,1,0, India,Port of Spain,06-06-2011,ODI # 3159,Darren Bravo,277472
462,15,15,36,41.66,2,0, India,North Sound,13-06-2011,ODI # 3162,Darren Bravo,277472
463,86,86,99,86.86,3,6, India,Kingston,16-06-2011,ODI # 3163,Darren Bravo,277472
464,20,20,19,105.26,2,0, Bangladesh,Dhaka,13-10-2011,ODI # 3198,Darren Bravo,277472
465,1,1,12,8.33,0,0, Bangladesh,Dhaka,15-10-2011,ODI # 3200,Darren Bravo,277472
466,0,0,3,0,0,0, Bangladesh,Chattogram,18-10-2011,ODI # 3202,Darren Bravo,277472
467,60,60,74,81.08,6,0, India,Cuttack,29-11-2011,ODI # 3217,Darren Bravo,277472
468,13,13,17,76.47,2,0, India,Visakhapatnam,02-12-2011,ODI # 3219,Darren Bravo,277472
469,26,26,41,63.41,2,0, India,Ahmedabad,05-12-2011,ODI # 3221,Darren Bravo,277472
470,4,4,15,26.66,1,0, Australia,Kingstown,16-03-2012,ODI # 3262,Darren Bravo,277472
471,16,16,28,57.14,3,0, Australia,Kingstown,18-03-2012,ODI # 3264,Darren Bravo,277472
472,0,0,3,0,0,0, Australia,Kingstown,20-03-2012,ODI # 3266,Darren Bravo,277472
473,25,25,50,50,3,0, Australia,Gros Islet,23-03-2012,ODI # 3268,Darren Bravo,277472
474,3,3,21,14.28,0,0, Australia,Gros Islet,25-03-2012,ODI # 3269,Darren Bravo,277472
475,8,8,13,61.53,1,0, England,Southampton,16-06-2012,ODI # 3276,Darren Bravo,277472
476,35,35,41,85.36,4,1, Bangladesh,Khulna,30-11-2012,ODI # 3309,Darren Bravo,277472
477,28,28,41,68.29,3,0, Bangladesh,Khulna,02-12-2012,ODI # 3310,Darren Bravo,277472
478,13,13,23,56.52,2,0, Bangladesh,Dhaka,05-12-2012,ODI # 3311,Darren Bravo,277472
479,34,34,61,55.73,3,0, Bangladesh,Dhaka,07-12-2012,ODI # 3312,Darren Bravo,277472
480,51,51,108,47.22,3,1, Bangladesh,Dhaka,08-12-2012,ODI # 3313,Darren Bravo,277472
481,11,11,25,44,1,0, Australia,Perth,01-02-2013,ODI # 3330,Darren Bravo,277472
482,14,14,20,70,3,0, Australia,Perth,03-02-2013,ODI # 3331,Darren Bravo,277472
483,86,86,96,89.58,7,1, Australia,Canberra,06-02-2013,ODI # 3332,Darren Bravo,277472
484,4,4,16,25,1,0, Australia,Sydney,08-02-2013,ODI # 3333,Darren Bravo,277472
485,33,33,50,66,3,0, Australia,Melbourne,10-02-2013,ODI # 3334,Darren Bravo,277472
486,100,100,71,140.84,9,4, Zimbabwe,St George's,22-02-2013,ODI # 3337,Darren Bravo,277472
487,0,0,2,0,0,0, Zimbabwe,St George's,24-02-2013,ODI # 3339,Darren Bravo,277472
488,72,72,103,69.9,5,0, Zimbabwe,St George's,26-02-2013,ODI # 3340,Darren Bravo,277472
489,0,0,4,0,0,0, Pakistan,The Oval,07-06-2013,ODI # 3364,Darren Bravo,277472
490,35,35,83,42.16,2,0, India,The Oval,11-06-2013,ODI # 3368,Darren Bravo,277472
491,12,12,7,171.42,2,0, South Africa,Cardiff,14-06-2013,ODI # 3371,Darren Bravo,277472
492,27,27,30,90,4,0, Sri Lanka,Kingston,28-06-2013,ODI # 3378,Darren Bravo,277472
493,55,55,78,70.51,5,1, India,Kingston,30-06-2013,ODI # 3380,Darren Bravo,277472
494,1,1,7,14.28,0,0, India,Port of Spain,05-07-2013,ODI # 3383,Darren Bravo,277472
495,70,70,84,83.33,4,1, Sri Lanka,Port of Spain,07-07-2013,ODI # 3385,Darren Bravo,277472
496,5,5,18,27.77,1,0, Pakistan,Providence,14-07-2013,ODI # 3389,Darren Bravo,277472
497,54,54,81,66.66,6,0, Pakistan,Providence,16-07-2013,ODI # 3390,Darren Bravo,277472
498,17,17,40,42.5,2,0, Pakistan,Gros Islet,19-07-2013,ODI # 3391,Darren Bravo,277472
499,9,9,18,50,1,0, Pakistan,Gros Islet,21-07-2013,ODI # 3393,Darren Bravo,277472
500,9,9,21,42.85,1,0, Pakistan,Gros Islet,24-07-2013,ODI # 3396,Darren Bravo,277472
501,59,59,77,76.62,4,2, India,Kochi,21-11-2013,ODI # 3436,Darren Bravo,277472
502,50,50,54,92.59,8,0, India,Visakhapatnam,24-11-2013,ODI # 3437,Darren Bravo,277472
503,51,51,53,96.22,4,2, India,Kanpur,27-11-2013,ODI # 3439,Darren Bravo,277472
504,14,14,18,77.77,3,0, New Zealand,Auckland,26-12-2013,ODI # 3449,Darren Bravo,277472
505,1,1,9,11.11,0,0, Ireland,Kingston,23-02-2014,ODI # 3472,Darren Bravo,277472
506,2,2,12,16.66,0,0, England,North Sound,28-02-2014,ODI # 3477,Darren Bravo,277472
507,13,13,34,38.23,0,1, England,North Sound,02-03-2014,ODI # 3480,Darren Bravo,277472
508,16,16,20,80,3,0, England,North Sound,05-03-2014,ODI # 3484,Darren Bravo,277472
509,7,7,14,50,1,0, Bangladesh,St George's,20-08-2014,ODI # 3509,Darren Bravo,277472
510,53,53,82,64.63,2,1, Bangladesh,St George's,22-08-2014,ODI # 3511,Darren Bravo,277472
511,124,124,127,97.63,7,8, Bangladesh,Basseterre,25-08-2014,ODI # 3514,Darren Bravo,277472
512,28,28,45,62.22,2,1, India,Kochi,08-10-2014,ODI # 3531,Darren Bravo,277472
513,26,26,44,59.09,2,0, India,Delhi,11-10-2014,ODI # 3533,Darren Bravo,277472
514,40,40,51,78.43,6,0, India,Dharamsala,17-10-2014,ODI # 3535,Darren Bravo,277472
516,49,49,78,62.82,3,0, Pakistan,Christchurch,21-02-2015,ODI # 3608,Darren Bravo,277472
517,38,38,58,65.51,3,1, Sri Lanka,Colombo (RPS),01-11-2015,ODI # 3701,Darren Bravo,277472
518,21,21,33,63.63,1,0, Sri Lanka,Colombo (RPS),04-11-2015,ODI # 3702,Darren Bravo,277472
519,4,4,7,57.14,0,0, Sri Lanka,Pallekele,07-11-2015,ODI # 3704,Darren Bravo,277472
520,30,30,69,43.47,2,0, South Africa,Providence,03-06-2016,ODI # 3739,Darren Bravo,277472
521,19,19,31,61.29,3,0, Australia,Providence,05-06-2016,ODI # 3740,Darren Bravo,277472
522,39,39,63,61.9,3,1, Australia,Basseterre,13-06-2016,ODI # 3745,Darren Bravo,277472
523,11,11,19,57.89,1,0, South Africa,Basseterre,15-06-2016,ODI # 3747,Darren Bravo,277472
524,15,15,20,75,3,0, Australia,Bridgetown,21-06-2016,ODI # 3752,Darren Bravo,277472
525,102,102,103,99.02,12,4, South Africa,Bridgetown,24-06-2016,ODI # 3754,Darren Bravo,277472
526,6,6,20,30,1,0, Australia,Bridgetown,26-06-2016,ODI # 3756,Darren Bravo,277472
527,12,12,28,42.85,0,0, Pakistan,Sharjah,30-09-2016,ODI # 3784,Darren Bravo,277472
528,61,61,74,82.43,5,3, Pakistan,Sharjah,02-10-2016,ODI # 3788,Darren Bravo,277472
529,17,17,40,42.5,0,1, Pakistan,Abu Dhabi,05-10-2016,ODI # 3789,Darren Bravo,277472
530,19,19,51,37.25,1,0, Bangladesh,Dhaka,09-12-2018,ODI # 4071,Darren Bravo,277472
531,27,27,43,62.79,1,1, Bangladesh,Dhaka,11-12-2018,ODI # 4072,Darren Bravo,277472
532,10,10,26,38.46,1,0, Bangladesh,Sylhet,14-12-2018,ODI # 4073,Darren Bravo,277472
533,40,40,30,133.33,2,4, England,Bridgetown,20-02-2019,ODI # 4096,Darren Bravo,277472
534,25,25,37,67.56,0,0, England,Bridgetown,22-02-2019,ODI # 4097,Darren Bravo,277472
536,61,61,59,103.38,4,4, England,St George's,27-02-2019,ODI # 4099,Darren Bravo,277472
537,7,7,14,50,1,0, England,Gros Islet,02-03-2019,ODI # 4103,Darren Bravo,277472
538,9,9,7,128.57,1,0, Ireland,Dublin,05-05-2019,ODI # 4128,Darren Bravo,277472
539,1,1,4,25,0,0, Bangladesh,Dublin,07-05-2019,ODI # 4129,Darren Bravo,277472
540,17,17,25,68,1,0, Ireland,Dublin (Malahide),11-05-2019,ODI # 4132,Darren Bravo,277472
541,6,6,13,46.15,1,0, Bangladesh,Dublin (Malahide),13-05-2019,ODI # 4134,Darren Bravo,277472
542,3,3,3,100,0,0, Bangladesh,Dublin (Malahide),17-05-2019,ODI # 4137,Darren Bravo,277472
543,11,11,20,55,1,0, Bangladesh,Chattogram,18-10-2011,ODI # 3202,Carlos Brathwaite,457249
544,4,4,10,40,0,0, South Africa,East London,21-01-2015,ODI # 3587,Carlos Brathwaite,457249
545,11,11,14,78.57,0,1, South Africa,Port Elizabeth,25-01-2015,ODI # 3591,Carlos Brathwaite,457249
546,1,1,9,11.11,0,0, South Africa,Centurion,28-01-2015,ODI # 3593,Carlos Brathwaite,457249
547,9,9,6,150,0,1, Sri Lanka,Colombo (RPS),01-11-2015,ODI # 3701,Carlos Brathwaite,457249
548,17,17,13,130.76,1,1, Sri Lanka,Colombo (RPS),04-11-2015,ODI # 3702,Carlos Brathwaite,457249
549,18,18,13,138.46,3,0, Sri Lanka,Pallekele,07-11-2015,ODI # 3704,Carlos Brathwaite,457249
550,8,8,14,57.14,1,0, South Africa,Providence,03-06-2016,ODI # 3739,Carlos Brathwaite,457249
551,21,21,48,43.75,1,1, Australia,Providence,05-06-2016,ODI # 3740,Carlos Brathwaite,457249
552,3,3,7,42.85,0,0, Australia,Basseterre,13-06-2016,ODI # 3745,Carlos Brathwaite,457249
553,0,0,1,0,0,0, South Africa,Basseterre,15-06-2016,ODI # 3747,Carlos Brathwaite,457249
554,7,7,6,116.66,1,0, Australia,Bridgetown,21-06-2016,ODI # 3752,Carlos Brathwaite,457249
555,33,33,42,78.57,2,1, South Africa,Bridgetown,24-06-2016,ODI # 3754,Carlos Brathwaite,457249
556,14,14,11,127.27,1,1, Australia,Bridgetown,26-06-2016,ODI # 3756,Carlos Brathwaite,457249
557,15,15,16,93.75,0,2, Pakistan,Sharjah,30-09-2016,ODI # 3784,Carlos Brathwaite,457249
558,14,14,11,127.27,2,0, Pakistan,Sharjah,02-10-2016,ODI # 3788,Carlos Brathwaite,457249
559,14,14,13,107.69,1,0, Sri Lanka,Harare,16-11-2016,ODI # 3805,Carlos Brathwaite,457249
560,9,9,5,180,0,1, Zimbabwe,Bulawayo,19-11-2016,ODI # 3806,Carlos Brathwaite,457249
561,19,19,16,118.75,0,1, Sri Lanka,Bulawayo,23-11-2016,ODI # 3808,Carlos Brathwaite,457249
563,12,12,12,100,1,0, England,North Sound,03-03-2017,ODI # 3845,Carlos Brathwaite,457249
564,23,23,24,95.83,2,0, England,North Sound,05-03-2017,ODI # 3848,Carlos Brathwaite,457249
565,7,7,23,30.43,0,0, England,Bridgetown,09-03-2017,ODI # 3849,Carlos Brathwaite,457249
567,11,11,16,68.75,1,0, Ireland,Harare,10-03-2018,ODI # 3993,Carlos Brathwaite,457249
568,4,4,5,80,1,0, Afghanistan,Harare,15-03-2018,ODI # 3997,Carlos Brathwaite,457249
569,24,24,26,92.3,0,1, Scotland,Harare,21-03-2018,ODI # 4004,Carlos Brathwaite,457249
570,14,14,10,140,1,1, Afghanistan,Harare,25-03-2018,ODI # 4007,Carlos Brathwaite,457249
571,3,3,3,100,0,0, England,Bridgetown,20-02-2019,ODI # 4096,Carlos Brathwaite,457249
572,13,13,22,59.09,0,1, England,Bridgetown,22-02-2019,ODI # 4097,Carlos Brathwaite,457249
574,50,50,36,138.88,4,2, England,St George's,27-02-2019,ODI # 4099,Carlos Brathwaite,457249
576,1,1,8,12.5,0,0, India,Toronto,11-09-1999,ODI # 1497,Chris Gayle ,51880
577,15,15,22,68.18,3,0, India,Toronto,12-09-1999,ODI # 1498,Chris Gayle ,51880
578,7,7,22,31.81,1,0, India,Toronto,14-09-1999,ODI # 1499,Chris Gayle ,51880
579,6,6,15,40,1,0, Pakistan,Toronto,18-09-1999,ODI # 1501,Chris Gayle ,51880
580,0,0,1,0,0,0, Pakistan,Toronto,19-09-1999,ODI # 1502,Chris Gayle ,51880
581,7,7,18,38.88,0,0, Sri Lanka,Sharjah,17-10-1999,ODI # 1515,Chris Gayle ,51880
582,22,22,42,52.38,3,0, Pakistan,Sharjah,19-10-1999,ODI # 1517,Chris Gayle ,51880
583,4,4,12,33.33,0,0, Zimbabwe,Kingston,01-04-2000,ODI # 1584,Chris Gayle ,51880
584,58,58,45,128.88,5,1, Zimbabwe,Kingston,02-04-2000,ODI # 1585,Chris Gayle ,51880
585,15,15,13,115.38,1,0, Pakistan,Kingstown,12-04-2000,ODI # 1588,Chris Gayle ,51880
586,42,42,49,85.71,4,0, Pakistan,St George's,16-04-2000,ODI # 1592,Chris Gayle ,51880
587,8,8,16,50,0,0, Pakistan,Bridgetown,19-04-2000,ODI # 1593,Chris Gayle ,51880
588,33,33,35,94.28,4,0, Pakistan,Port of Spain,22-04-2000,ODI # 1594,Chris Gayle ,51880
589,0,0,2,0,0,0, Pakistan,Port of Spain,23-04-2000,ODI # 1595,Chris Gayle ,51880
590,41,41,86,47.67,6,0, Zimbabwe,Bristol,06-07-2000,ODI # 1605,Chris Gayle ,51880
592,6,6,13,46.15,1,0, Zimbabwe,Canterbury,11-07-2000,ODI # 1611,Chris Gayle ,51880
593,26,26,59,44.06,3,0, England,Chester-le-Street,15-07-2000,ODI # 1615,Chris Gayle ,51880
594,3,3,4,75,0,0, Zimbabwe,Chester-le-Street,16-07-2000,ODI # 1616,Chris Gayle ,51880
595,37,37,71,52.11,4,0, England,Nottingham,20-07-2000,ODI # 1618,Chris Gayle ,51880
596,27,27,34,79.41,4,0, South Africa,Kingston,28-04-2001,ODI # 1712,Chris Gayle ,51880
597,50,50,72,69.44,7,0, South Africa,St John's,02-05-2001,ODI # 1713,Chris Gayle ,51880
598,1,1,3,33.33,0,0, South Africa,St George's,05-05-2001,ODI # 1714,Chris Gayle ,51880
599,9,9,27,33.33,0,1, South Africa,St George's,06-05-2001,ODI # 1715,Chris Gayle ,51880
600,6,6,15,40,0,0, South Africa,Bridgetown,09-05-2001,ODI # 1716,Chris Gayle ,51880
601,28,28,39,71.79,5,0, South Africa,Kingstown,16-05-2001,ODI # 1718,Chris Gayle ,51880
602,53,53,76,69.73,7,0, Zimbabwe,Harare,23-06-2001,ODI # 1727,Chris Gayle ,51880
603,0,0,5,0,0,0, India,Bulawayo,30-06-2001,ODI # 1731,Chris Gayle ,51880
604,76,76,95,80,6,0, Zimbabwe,Bulawayo,01-07-2001,ODI # 1732,Chris Gayle ,51880
605,23,23,43,53.48,2,0, India,Harare,04-07-2001,ODI # 1733,Chris Gayle ,51880
606,43,43,45,95.55,8,0, India,Harare,07-07-2001,ODI # 1734,Chris Gayle ,51880
607,152,152,150,101.33,17,1, Kenya,Nairobi,15-08-2001,ODI # 1745,Chris Gayle ,51880
608,10,10,22,45.45,0,1, Kenya,Nairobi (Gym),18-08-2001,ODI # 1746,Chris Gayle ,51880
609,70,70,70,100,9,2, Kenya,Nairobi (Gym),19-08-2001,ODI # 1747,Chris Gayle ,51880
610,0,0,5,0,0,0, Zimbabwe,Colombo (SSC),09-12-2001,ODI # 1777,Chris Gayle ,51880
611,21,21,32,65.62,3,0, Sri Lanka,Colombo (RPS),11-12-2001,ODI # 1778,Chris Gayle ,51880
612,8,8,9,88.88,2,0, Sri Lanka,Kandy,15-12-2001,ODI # 1780,Chris Gayle ,51880
613,85,85,79,107.59,17,1, Zimbabwe,Kandy,16-12-2001,ODI # 1781,Chris Gayle ,51880
614,60,60,87,68.96,8,0, Sri Lanka,Colombo (RPS),19-12-2001,ODI # 1782,Chris Gayle ,51880
615,50,50,53,94.33,10,0, Pakistan,Sharjah,14-02-2002,ODI # 1807,Chris Gayle ,51880
616,62,62,46,134.78,8,3, Pakistan,Sharjah,15-02-2002,ODI # 1808,Chris Gayle ,51880
617,19,19,17,111.76,4,0, Pakistan,Sharjah,17-02-2002,ODI # 1810,Chris Gayle ,51880
618,16,16,43,37.2,2,0, India,Bridgetown,29-05-2002,ODI # 1836,Chris Gayle ,51880
619,84,84,67,125.37,9,3, India,Port of Spain,01-06-2002,ODI # 1837,Chris Gayle ,51880
620,3,3,10,30,0,0, India,Port of Spain,02-06-2002,ODI # 1838,Chris Gayle ,51880
622,30,30,37,81.08,4,0, New Zealand,Gros Islet,08-06-2002,ODI # 1840,Chris Gayle ,51880
623,37,37,47,78.72,6,0, New Zealand,Gros Islet,09-06-2002,ODI # 1841,Chris Gayle ,51880
624,60,60,60,100,4,2, New Zealand,Port of Spain,12-06-2002,ODI # 1843,Chris Gayle ,51880
625,67,67,79,84.81,7,1, New Zealand,Kingstown,16-06-2002,ODI # 1845,Chris Gayle ,51880
626,49,49,55,89.09,8,1, South Africa,Colombo (SSC),13-09-2002,ODI # 1875,Chris Gayle ,51880
627,33,33,42,78.57,4,2, Kenya,Colombo (SSC),17-09-2002,ODI # 1879,Chris Gayle ,51880
628,7,7,15,46.66,1,0, India,Jamshedpur,06-11-2002,ODI # 1893,Chris Gayle ,51880
629,103,103,116,88.79,8,3, India,Nagpur,09-11-2002,ODI # 1894,Chris Gayle ,51880
630,72,72,68,105.88,12,2, India,Rajkot,12-11-2002,ODI # 1895,Chris Gayle ,51880
631,140,140,127,110.23,12,5, India,Ahmedabad,15-11-2002,ODI # 1896,Chris Gayle ,51880
632,101,101,107,94.39,10,3, India,Vadodara,18-11-2002,ODI # 1897,Chris Gayle ,51880
633,27,27,38,71.05,4,0, India,Jodhpur,21-11-2002,ODI # 1898,Chris Gayle ,51880
634,5,5,8,62.5,0,0, India,Vijayawada,24-11-2002,ODI # 1900,Chris Gayle ,51880
635,38,38,70,54.28,5,0, Bangladesh,Chittagong,29-11-2002,ODI # 1904,Chris Gayle ,51880
636,21,21,43,48.83,3,0, Bangladesh,Dhaka,02-12-2002,ODI # 1909,Chris Gayle ,51880
637,73,73,90,81.11,11,0, Bangladesh,Dhaka,03-12-2002,ODI # 1910,Chris Gayle ,51880
638,2,2,21,9.52,0,0, South Africa,Cape Town,09-02-2003,ODI # 1942,Chris Gayle ,51880
639,22,22,29,75.86,5,0, New Zealand,Port Elizabeth,13-02-2003,ODI # 1949,Chris Gayle ,51880
640,0,0,5,0,0,0, Bangladesh,Benoni,18-02-2003,ODI # 1956,Chris Gayle ,51880
641,8,8,13,61.53,1,0, Canada,Centurion,23-02-2003,ODI # 1963,Chris Gayle ,51880
642,55,55,76,72.36,8,0, Sri Lanka,Cape Town,28-02-2003,ODI # 1973,Chris Gayle ,51880
643,119,119,151,78.8,8,2, Kenya,Kimberley,04-03-2003,ODI # 1981,Chris Gayle ,51880
644,37,37,50,74,6,0, Australia,Kingston,17-05-2003,ODI # 2011,Chris Gayle ,51880
645,28,28,55,50.9,4,0, Australia,Kingston,18-05-2003,ODI # 2013,Chris Gayle ,51880
646,43,43,46,93.47,5,1, Australia,Gros Islet,21-05-2003,ODI # 2016,Chris Gayle ,51880
647,84,84,113,74.33,7,1, Australia,Port of Spain,24-05-2003,ODI # 2018,Chris Gayle ,51880
648,5,5,4,125,1,0, Australia,Port of Spain,25-05-2003,ODI # 2019,Chris Gayle ,51880
649,18,18,21,85.71,3,0, Australia,St George's,30-05-2003,ODI # 2020,Chris Gayle ,51880
650,60,60,68,88.23,8,0, Australia,St George's,01-06-2003,ODI # 2021,Chris Gayle ,51880
651,0,0,9,0,0,0, Sri Lanka,Bridgetown,07-06-2003,ODI # 2022,Chris Gayle ,51880
652,94,94,125,75.2,12,2, Sri Lanka,Bridgetown,08-06-2003,ODI # 2023,Chris Gayle ,51880
653,21,21,75,28,1,0, Sri Lanka,Kingstown,11-06-2003,ODI # 2024,Chris Gayle ,51880
654,153,153,160,95.62,19,2, Zimbabwe,Bulawayo,22-11-2003,ODI # 2065,Chris Gayle ,51880
655,8,8,15,53.33,1,0, Zimbabwe,Bulawayo,23-11-2003,ODI # 2066,Chris Gayle ,51880
656,61,61,112,54.46,7,0, Zimbabwe,Harare,26-11-2003,ODI # 2067,Chris Gayle ,51880
657,51,51,34,150,7,3, Zimbabwe,Harare,29-11-2003,ODI # 2069,Chris Gayle ,51880
658,112,112,75,149.33,17,2, Zimbabwe,Harare,30-11-2003,ODI # 2070,Chris Gayle ,51880
659,4,4,15,26.66,1,0, South Africa,Cape Town,25-01-2004,ODI # 2088,Chris Gayle ,51880
660,9,9,20,45,1,0, South Africa,Port Elizabeth,28-01-2004,ODI # 2090,Chris Gayle ,51880
661,1,1,16,6.25,0,0, South Africa,Durban,30-01-2004,ODI # 2092,Chris Gayle ,51880
662,26,26,22,118.18,2,2, South Africa,Centurion,01-02-2004,ODI # 2094,Chris Gayle ,51880
663,152,152,153,99.34,12,3, South Africa,Johannesburg,04-02-2004,ODI # 2096,Chris Gayle ,51880
664,2,2,17,11.76,0,0, England,Georgetown,18-04-2004,ODI # 2118,Chris Gayle ,51880
665,20,20,42,47.61,2,0, England,Port of Spain,24-04-2004,ODI # 2121,Chris Gayle ,51880
666,36,36,42,85.71,5,1, England,Gros Islet,01-05-2004,ODI # 2125,Chris Gayle ,51880
667,9,9,10,90,1,0, England,Gros Islet,02-05-2004,ODI # 2126,Chris Gayle ,51880
668,41,41,52,78.84,4,1, England,Bridgetown,05-05-2004,ODI # 2127,Chris Gayle ,51880
669,0,0,8,0,0,0, Bangladesh,Kingstown,15-05-2004,ODI # 2128,Chris Gayle ,51880
670,7,7,22,31.81,1,0, Bangladesh,Kingstown,16-05-2004,ODI # 2129,Chris Gayle ,51880
671,30,30,49,61.22,5,0, New Zealand,Birmingham,26-06-2004,ODI # 2134,Chris Gayle ,51880
672,60,60,90,66.66,9,0, England,Nottingham,27-06-2004,ODI # 2135,Chris Gayle ,51880
673,23,23,29,79.31,5,0, England,Leeds,01-07-2004,ODI # 2137,Chris Gayle ,51880
674,27,27,58,46.55,4,0, New Zealand,Cardiff,03-07-2004,ODI # 2138,Chris Gayle ,51880
675,132,132,165,80,12,1, England,Lord's,06-07-2004,ODI # 2140,Chris Gayle ,51880
677,4,4,13,30.76,0,0, New Zealand,Lord's,10-07-2004,ODI # 2142,Chris Gayle ,51880
678,99,99,132,75,6,0, Bangladesh,Southampton,15-09-2004,ODI # 2175,Chris Gayle ,51880
679,16,16,19,84.21,3,0, South Africa,The Oval,18-09-2004,ODI # 2178,Chris Gayle ,51880
680,1,1,8,12.5,0,0, Pakistan,Southampton,22-09-2004,ODI # 2181,Chris Gayle ,51880
681,23,23,33,69.69,5,0, England,The Oval,25-09-2004,ODI # 2182,Chris Gayle ,51880
682,1,1,9,11.11,0,0, Asia XI,Melbourne,10-01-2005,ODI # 2203,Chris Gayle ,51880
683,0,0,3,0,0,0, Australia,Melbourne,14-01-2005,ODI # 2204,Chris Gayle ,51880
684,82,82,99,82.82,7,0, Pakistan,Brisbane,19-01-2005,ODI # 2206,Chris Gayle ,51880
685,26,26,22,118.18,3,1, Australia,Brisbane,21-01-2005,ODI # 2208,Chris Gayle ,51880
686,2,2,11,18.18,0,0, Australia,Adelaide,26-01-2005,ODI # 2212,Chris Gayle ,51880
687,9,9,12,75,1,0, Pakistan,Adelaide,28-01-2005,ODI # 2213,Chris Gayle ,51880
688,0,0,3,0,0,0, Pakistan,Perth,01-02-2005,ODI # 2218,Chris Gayle ,51880
689,26,26,31,83.87,4,0, South Africa,Kingston,07-05-2005,ODI # 2241,Chris Gayle ,51880
690,11,11,15,73.33,2,0, South Africa,Kingston,08-05-2005,ODI # 2242,Chris Gayle ,51880
691,132,132,152,86.84,7,2, South Africa,Bridgetown,11-05-2005,ODI # 2243,Chris Gayle ,51880
692,3,3,5,60,0,0, South Africa,Port of Spain,14-05-2005,ODI # 2244,Chris Gayle ,51880
693,28,28,20,140,5,1, South Africa,Port of Spain,15-05-2005,ODI # 2245,Chris Gayle ,51880
694,22,22,21,104.76,5,0, Pakistan,Kingstown,18-05-2005,ODI # 2246,Chris Gayle ,51880
695,43,43,45,95.55,5,1, Pakistan,Gros Islet,21-05-2005,ODI # 2247,Chris Gayle ,51880
696,124,124,137,90.51,13,0, Pakistan,Gros Islet,22-05-2005,ODI # 2248,Chris Gayle ,51880
697,54,54,48,112.5,8,1, Australia,Melbourne (Docklands),07-10-2005,ODI # 2283,Chris Gayle ,51880
698,0,0,2,0,0,0, Australia,Melbourne (Docklands),09-10-2005,ODI # 2284,Chris Gayle ,51880
699,6,6,5,120,1,0, New Zealand,Wellington,18-02-2006,ODI # 2332,Chris Gayle ,51880
700,0,0,16,0,0,0, New Zealand,Queenstown,22-02-2006,ODI # 2335,Chris Gayle ,51880
701,38,38,23,165.21,6,2, New Zealand,Christchurch,25-02-2006,ODI # 2337,Chris Gayle ,51880
702,5,5,11,45.45,1,0, New Zealand,Napier,01-03-2006,ODI # 2342,Chris Gayle ,51880
703,2,2,22,9.09,0,0, New Zealand,Auckland,04-03-2006,ODI # 2346,Chris Gayle ,51880
704,35,35,71,49.29,3,1, Zimbabwe,St John's,29-04-2006,ODI # 2368,Chris Gayle ,51880
705,49,49,73,67.12,7,0, Zimbabwe,St John's,30-04-2006,ODI # 2369,Chris Gayle ,51880
706,95,95,91,104.39,13,1, Zimbabwe,Gros Islet,10-05-2006,ODI # 2371,Chris Gayle ,51880
707,2,2,17,11.76,0,0, Zimbabwe,Port of Spain,13-05-2006,ODI # 2372,Chris Gayle ,51880
708,11,11,32,34.37,0,0, Zimbabwe,Port of Spain,14-05-2006,ODI # 2373,Chris Gayle ,51880
709,123,123,130,94.61,18,2, India,Kingston,18-05-2006,ODI # 2377,Chris Gayle ,51880
710,0,0,8,0,0,0, India,Kingston,20-05-2006,ODI # 2379,Chris Gayle ,51880
711,40,40,65,61.53,5,1, India,Basseterre,23-05-2006,ODI # 2380,Chris Gayle ,51880
712,46,46,70,65.71,6,1, India,Port of Spain,26-05-2006,ODI # 2381,Chris Gayle ,51880
713,51,51,61,83.6,10,0, India,Port of Spain,28-05-2006,ODI # 2382,Chris Gayle ,51880
714,58,58,46,126.08,7,2, Australia,Kuala Lumpur,12-09-2006,ODI # 2413,Chris Gayle ,51880
715,45,45,35,128.57,9,0, India,Kuala Lumpur,14-09-2006,ODI # 2414,Chris Gayle ,51880
716,79,79,93,84.94,7,3, Australia,Kuala Lumpur,18-09-2006,ODI # 2417,Chris Gayle ,51880
717,1,1,7,14.28,0,0, India,Kuala Lumpur,20-09-2006,ODI # 2419,Chris Gayle ,51880
718,0,0,1,0,0,0, Australia,Kuala Lumpur,24-09-2006,ODI # 2422,Chris Gayle ,51880
719,41,41,34,120.58,7,1, Zimbabwe,Ahmedabad,08-10-2006,ODI # 2424,Chris Gayle ,51880
720,104,104,118,88.13,11,3, Bangladesh,Jaipur,11-10-2006,ODI # 2426,Chris Gayle ,51880
721,0,0,5,0,0,0, Sri Lanka,Mumbai (BS),14-10-2006,ODI # 2428,Chris Gayle ,51880
722,24,24,26,92.3,4,0, Australia,Mumbai (BS),18-10-2006,ODI # 2432,Chris Gayle ,51880
723,34,34,37,91.89,7,0, India,Ahmedabad,26-10-2006,ODI # 2437,Chris Gayle ,51880
724,101,101,128,78.9,10,1, England,Ahmedabad,28-10-2006,ODI # 2439,Chris Gayle ,51880
725,133,133,135,98.51,17,3, South Africa,Jaipur,02-11-2006,ODI # 2442,Chris Gayle ,51880
726,37,37,27,137.03,6,2, Australia,Mumbai (BS),05-11-2006,ODI # 2443,Chris Gayle ,51880
727,0,0,4,0,0,0, Pakistan,Faisalabad,07-12-2006,ODI # 2460,Chris Gayle ,51880
728,41,41,37,110.81,7,1, Pakistan,Lahore,10-12-2006,ODI # 2463,Chris Gayle ,51880
729,9,9,14,64.28,2,0, Pakistan,Multan,13-12-2006,ODI # 2464,Chris Gayle ,51880
730,7,7,10,70,1,0, Pakistan,Karachi,16-12-2006,ODI # 2466,Chris Gayle ,51880
731,52,52,46,113.04,10,0, India,Nagpur,21-01-2007,ODI # 2480,Chris Gayle ,51880
732,5,5,5,100,1,0, India,Cuttack,24-01-2007,ODI # 2485,Chris Gayle ,51880
733,0,0,1,0,0,0, India,Chennai,27-01-2007,ODI # 2487,Chris Gayle ,51880
734,6,6,11,54.54,1,0, India,Vadodara,31-01-2007,ODI # 2493,Chris Gayle ,51880
735,2,2,6,33.33,0,0, Pakistan,Kingston,13-03-2007,ODI # 2531,Chris Gayle ,51880
736,40,40,48,83.33,3,3, Zimbabwe,Kingston,19-03-2007,ODI # 2543,Chris Gayle ,51880
737,18,18,14,128.57,3,0, Ireland,Kingston,23-03-2007,ODI # 2551,Chris Gayle ,51880
738,2,2,23,8.69,0,0, Australia,North Sound,27-03-2007,ODI # 2555,Chris Gayle ,51880
739,44,44,56,78.57,8,0, New Zealand,North Sound,29-03-2007,ODI # 2557,Chris Gayle ,51880
740,10,10,21,47.61,1,0, Sri Lanka,Providence,01-04-2007,ODI # 2560,Chris Gayle ,51880
741,32,32,35,91.42,3,0, South Africa,St George's,10-04-2007,ODI # 2567,Chris Gayle ,51880
742,1,1,11,9.09,0,0, Bangladesh,Bridgetown,19-04-2007,ODI # 2576,Chris Gayle ,51880
743,79,79,58,136.2,10,3, England,Bridgetown,21-04-2007,ODI # 2578,Chris Gayle ,51880
744,6,6,14,42.85,1,0, England,Lord's,01-07-2007,ODI # 2594,Chris Gayle ,51880
745,36,36,40,90,2,3, England,Birmingham,04-07-2007,ODI # 2597,Chris Gayle ,51880
746,82,82,126,65.07,8,0, England,Nottingham,07-07-2007,ODI # 2598,Chris Gayle ,51880
747,51,51,45,113.33,6,1, Netherlands,Dublin,10-07-2007,ODI # 2599,Chris Gayle ,51880
748,85,85,94,90.42,8,3, Scotland,Dublin,12-07-2007,ODI # 2601,Chris Gayle ,51880
750,2,2,9,22.22,0,0, Zimbabwe,Harare,30-11-2007,ODI # 2649,Chris Gayle ,51880
751,58,58,78,74.35,4,2, Zimbabwe,Harare,02-12-2007,ODI # 2651,Chris Gayle ,51880
752,52,52,81,64.19,8,1, Sri Lanka,Port of Spain,10-04-2008,ODI # 2697,Chris Gayle ,51880
753,11,11,20,55,1,0, Sri Lanka,Port of Spain,12-04-2008,ODI # 2699,Chris Gayle ,51880
755,20,20,26,76.92,3,0, Australia,Kingstown,24-06-2008,ODI # 2713,Chris Gayle ,51880
756,10,10,24,41.66,2,0, Australia,St George's,27-06-2008,ODI # 2719,Chris Gayle ,51880
757,53,53,54,98.14,5,3, Australia,St George's,29-06-2008,ODI # 2724,Chris Gayle ,51880
758,92,92,92,100,6,4, Australia,Basseterre,04-07-2008,ODI # 2734,Chris Gayle ,51880
759,5,5,8,62.5,1,0, Australia,Basseterre,06-07-2008,ODI # 2736,Chris Gayle ,51880
760,19,19,26,73.07,3,0, Canada,King City (NW),22-08-2008,ODI # 2749,Chris Gayle ,51880
761,110,110,77,142.85,14,6, Canada,King City (NW),24-08-2008,ODI # 2752,Chris Gayle ,51880
762,113,113,106,106.6,11,5, Pakistan,Abu Dhabi,12-11-2008,ODI # 2773,Chris Gayle ,51880
763,0,0,6,0,0,0, Pakistan,Abu Dhabi,14-11-2008,ODI # 2775,Chris Gayle ,51880
764,122,122,137,89.05,5,6, Pakistan,Abu Dhabi,16-11-2008,ODI # 2776,Chris Gayle ,51880
765,25,25,36,69.44,1,1, New Zealand,Queenstown,31-12-2008,ODI # 2786,Chris Gayle ,51880
766,36,36,31,116.12,4,1, New Zealand,Christchurch,03-01-2009,ODI # 2787,Chris Gayle ,51880
767,18,18,24,75,3,0, New Zealand,Wellington,07-01-2009,ODI # 2788,Chris Gayle ,51880
768,46,46,37,124.32,4,3, New Zealand,Auckland,10-01-2009,ODI # 2789,Chris Gayle ,51880
769,135,135,129,104.65,9,5, New Zealand,Napier,13-01-2009,ODI # 2792,Chris Gayle ,51880
770,2,2,11,18.18,0,0, England,Providence,20-03-2009,ODI # 2826,Chris Gayle ,51880
771,20,20,20,100,4,0, England,Providence,22-03-2009,ODI # 2827,Chris Gayle ,51880
772,80,80,43,186.04,5,8, England,Bridgetown,27-03-2009,ODI # 2828,Chris Gayle ,51880
773,46,46,39,117.94,3,5, England,Bridgetown,29-03-2009,ODI # 2829,Chris Gayle ,51880
774,0,0,3,0,0,0, England,Gros Islet,03-04-2009,ODI # 2833,Chris Gayle ,51880
775,31,31,28,110.71,3,2, England,Bristol,24-05-2009,ODI # 2850,Chris Gayle ,51880
776,11,11,10,110,2,0, England,Birmingham,26-05-2009,ODI # 2851,Chris Gayle ,51880
777,37,37,33,112.12,5,1, India,Kingston,26-06-2009,ODI # 2852,Chris Gayle ,51880
778,64,64,46,139.13,8,2, India,Kingston,28-06-2009,ODI # 2853,Chris Gayle ,51880
779,27,27,14,192.85,6,0, India,Gros Islet,03-07-2009,ODI # 2854,Chris Gayle ,51880
780,0,0,2,0,0,0, India,Gros Islet,05-07-2009,ODI # 2855,Chris Gayle ,51880
781,7,7,5,140,1,0, Australia,Melbourne,07-02-2010,ODI # 2950,Chris Gayle ,51880
782,0,0,1,0,0,0, Australia,Adelaide,09-02-2010,ODI # 2952,Chris Gayle ,51880
783,0,0,6,0,0,0, Australia,Sydney,12-02-2010,ODI # 2954,Chris Gayle ,51880
784,34,34,21,161.9,6,0, Australia,Brisbane,14-02-2010,ODI # 2955,Chris Gayle ,51880
785,14,14,5,280,0,2, Australia,Melbourne,19-02-2010,ODI # 2960,Chris Gayle ,51880
786,57,57,66,86.36,2,3, Zimbabwe,Providence,04-03-2010,ODI # 2967,Chris Gayle ,51880
787,88,88,111,79.27,7,2, Zimbabwe,Providence,06-03-2010,ODI # 2970,Chris Gayle ,51880
788,33,33,53,62.26,3,1, Zimbabwe,Kingstown,10-03-2010,ODI # 2972,Chris Gayle ,51880
789,32,32,20,160,4,2, Zimbabwe,Kingstown,12-03-2010,ODI # 2974,Chris Gayle ,51880
790,63,63,41,153.65,8,2, Zimbabwe,Kingstown,14-03-2010,ODI # 2976,Chris Gayle ,51880
791,45,45,39,115.38,8,0, South Africa,North Sound,22-05-2010,ODI # 2979,Chris Gayle ,51880
792,26,26,35,74.28,3,1, South Africa,North Sound,24-05-2010,ODI # 2980,Chris Gayle ,51880
793,16,16,20,80,1,1, South Africa,Roseau,28-05-2010,ODI # 2982,Chris Gayle ,51880
794,29,29,28,103.57,4,0, South Africa,Roseau,30-05-2010,ODI # 2984,Chris Gayle ,51880
795,12,12,19,63.15,1,0, South Africa,Port of Spain,03-06-2010,ODI # 2987,Chris Gayle ,51880
796,4,4,11,36.36,0,0, Sri Lanka,Colombo (SSC),31-01-2011,ODI # 3092,Chris Gayle ,51880
797,28,28,30,93.33,4,1, Sri Lanka,Colombo (SSC),03-02-2011,ODI # 3096,Chris Gayle ,51880
798,0,0,1,0,0,0, Sri Lanka,Colombo (SSC),06-02-2011,ODI # 3099,Chris Gayle ,51880
799,2,2,3,66.66,0,0, South Africa,Delhi,24-02-2011,ODI # 3106,Chris Gayle ,51880
800,80,80,110,72.72,7,2, Netherlands,Delhi,28-02-2011,ODI # 3112,Chris Gayle ,51880
801,37,37,36,102.77,6,0, Bangladesh,Dhaka,04-03-2011,ODI # 3118,Chris Gayle ,51880
802,43,43,21,204.76,8,1, England,Chennai,17-03-2011,ODI # 3135,Chris Gayle ,51880
803,8,8,9,88.88,2,0, Pakistan,Dhaka,23-03-2011,ODI # 3142,Chris Gayle ,51880
804,53,53,51,103.92,3,5, England,The Oval,19-06-2012,ODI # 3278,Chris Gayle ,51880
805,63,63,57,110.52,4,5, New Zealand,Kingston,05-07-2012,ODI # 3283,Chris Gayle ,51880
806,125,125,107,116.82,8,9, New Zealand,Kingston,07-07-2012,ODI # 3285,Chris Gayle ,51880
807,11,11,22,50,2,0, New Zealand,Basseterre,11-07-2012,ODI # 3288,Chris Gayle ,51880
808,16,16,17,94.11,1,1, New Zealand,Basseterre,14-07-2012,ODI # 3289,Chris Gayle ,51880
809,5,5,12,41.66,1,0, New Zealand,Basseterre,16-07-2012,ODI # 3290,Chris Gayle ,51880
810,35,35,40,87.5,4,2, Bangladesh,Khulna,30-11-2012,ODI # 3309,Chris Gayle ,51880
811,15,15,22,68.18,2,1, Bangladesh,Khulna,02-12-2012,ODI # 3310,Chris Gayle ,51880
812,4,4,12,33.33,1,0, Bangladesh,Dhaka,05-12-2012,ODI # 3311,Chris Gayle ,51880
813,16,16,25,64,1,1, Bangladesh,Dhaka,07-12-2012,ODI # 3312,Chris Gayle ,51880
814,2,2,19,10.52,0,0, Bangladesh,Dhaka,08-12-2012,ODI # 3313,Chris Gayle ,51880
815,4,4,13,30.76,1,0, Australia,Perth,01-02-2013,ODI # 3330,Chris Gayle ,51880
816,4,4,7,57.14,0,0, Australia,Perth,03-02-2013,ODI # 3331,Chris Gayle ,51880
817,2,2,5,40,0,0, Australia,Canberra,06-02-2013,ODI # 3332,Chris Gayle ,51880
818,39,39,47,82.97,4,1, Pakistan,The Oval,07-06-2013,ODI # 3364,Chris Gayle ,51880
819,21,21,18,116.66,4,0, India,The Oval,11-06-2013,ODI # 3368,Chris Gayle ,51880
820,36,36,27,133.33,5,1, South Africa,Cardiff,14-06-2013,ODI # 3371,Chris Gayle ,51880
821,109,109,100,109,9,7, Sri Lanka,Kingston,28-06-2013,ODI # 3378,Chris Gayle ,51880
822,11,11,9,122.22,2,0, India,Kingston,30-06-2013,ODI # 3380,Chris Gayle ,51880
823,10,10,13,76.92,2,0, India,Port of Spain,05-07-2013,ODI # 3383,Chris Gayle ,51880
824,14,14,17,82.35,3,0, Sri Lanka,Port of Spain,07-07-2013,ODI # 3385,Chris Gayle ,51880
825,1,1,8,12.5,0,0, Pakistan,Providence,14-07-2013,ODI # 3389,Chris Gayle ,51880
826,1,1,5,20,0,0, Pakistan,Providence,16-07-2013,ODI # 3390,Chris Gayle ,51880
827,8,8,12,66.66,1,0, Pakistan,Gros Islet,19-07-2013,ODI # 3391,Chris Gayle ,51880
828,30,30,46,65.21,3,1, Pakistan,Gros Islet,21-07-2013,ODI # 3393,Chris Gayle ,51880
829,21,21,34,61.76,2,1, Pakistan,Gros Islet,24-07-2013,ODI # 3396,Chris Gayle ,51880
830,0,0,2,0,0,0, India,Kochi,21-11-2013,ODI # 3436,Chris Gayle ,51880
831,3,3,18,16.66,0,0, Bangladesh,St George's,20-08-2014,ODI # 3509,Chris Gayle ,51880
832,58,58,67,86.56,3,5, Bangladesh,St George's,22-08-2014,ODI # 3511,Chris Gayle ,51880
833,6,6,17,35.29,1,0, Bangladesh,Basseterre,25-08-2014,ODI # 3514,Chris Gayle ,51880
834,41,41,24,170.83,5,2, South Africa,Durban,16-01-2015,ODI # 3579,Chris Gayle ,51880
835,19,19,13,146.15,2,1, South Africa,Johannesburg,18-01-2015,ODI # 3583,Chris Gayle ,51880
836,1,1,5,20,0,0, South Africa,East London,21-01-2015,ODI # 3587,Chris Gayle ,51880
837,10,10,19,52.63,1,0, South Africa,Port Elizabeth,25-01-2015,ODI # 3591,Chris Gayle ,51880
838,0,0,1,0,0,0, South Africa,Centurion,28-01-2015,ODI # 3593,Chris Gayle ,51880
839,36,36,65,55.38,3,1, Ireland,Nelson,16-02-2015,ODI # 3603,Chris Gayle ,51880
840,4,4,14,28.57,0,0, Pakistan,Christchurch,21-02-2015,ODI # 3608,Chris Gayle ,51880
841,215,215,147,146.25,10,16, Zimbabwe,Canberra,24-02-2015,ODI # 3612,Chris Gayle ,51880
842,3,3,4,75,0,0, South Africa,Sydney,27-02-2015,ODI # 3616,Chris Gayle ,51880
843,21,21,27,77.77,2,1, India,Perth,06-03-2015,ODI # 3625,Chris Gayle ,51880
844,61,61,33,184.84,2,8, New Zealand,Wellington,21-03-2015,ODI # 3643,Chris Gayle ,51880
845,37,37,27,137.03,2,3, England,Manchester,19-09-2017,ODI # 3911,Chris Gayle ,51880
846,94,94,78,120.51,9,6, England,Bristol,24-09-2017,ODI # 3915,Chris Gayle ,51880
847,2,2,4,50,0,0, England,The Oval,27-09-2017,ODI # 3916,Chris Gayle ,51880
848,40,40,29,137.93,1,5, England,Southampton,29-09-2017,ODI # 3918,Chris Gayle ,51880
849,22,22,31,70.96,3,1, New Zealand,Whangarei,20-12-2017,ODI # 3943,Chris Gayle ,51880
850,4,4,6,66.66,1,0, New Zealand,Christchurch,26-12-2017,ODI # 3945,Chris Gayle ,51880
851,123,123,91,135.16,7,11, U.A.E.,Harare,06-03-2018,ODI # 3987,Chris Gayle ,51880
852,14,14,28,50,1,1, Ireland,Harare,10-03-2018,ODI # 3993,Chris Gayle ,51880
853,1,1,9,11.11,0,0, Afghanistan,Harare,15-03-2018,ODI # 3997,Chris Gayle ,51880
854,17,17,13,130.76,0,2, Zimbabwe,Harare,19-03-2018,ODI # 4002,Chris Gayle ,51880
855,0,0,1,0,0,0, Scotland,Harare,21-03-2018,ODI # 4004,Chris Gayle ,51880
856,10,10,18,55.55,1,0, Afghanistan,Harare,25-03-2018,ODI # 4007,Chris Gayle ,51880
857,40,40,60,66.66,1,2, Bangladesh,Providence,22-07-2018,ODI # 4022,Chris Gayle ,51880
858,29,29,38,76.31,3,1, Bangladesh,Providence,25-07-2018,ODI # 4023,Chris Gayle ,51880
859,73,73,66,110.6,6,5, Bangladesh,Basseterre,28-07-2018,ODI # 4024,Chris Gayle ,51880
860,135,135,129,104.65,3,12, England,Bridgetown,20-02-2019,ODI # 4096,Chris Gayle ,51880
861,50,50,63,79.36,1,4, England,Bridgetown,22-02-2019,ODI # 4097,Chris Gayle ,51880
863,162,162,97,167.01,11,14, England,St George's,27-02-2019,ODI # 4099,Chris Gayle ,51880
864,77,77,27,285.18,5,9, England,Gros Islet,02-03-2019,ODI # 4103,Chris Gayle ,51880
865,7,7,19,36.84,0,0, Australia,Perth,01-02-2013,ODI # 3330,Jason Holder ,391485
866,9,9,28,32.14,1,0, Australia,Perth,03-02-2013,ODI # 3331,Jason Holder ,391485
867,0,0,1,0,0,0, Sri Lanka,Port of Spain,07-07-2013,ODI # 3385,Jason Holder ,391485
868,0,0,4,0,0,0, Pakistan,Providence,14-07-2013,ODI # 3389,Jason Holder ,391485
870,19,19,9,211.11,1,1, Pakistan,Gros Islet,19-07-2013,ODI # 3391,Jason Holder ,391485
873,16,16,27,59.25,2,0, India,Kochi,21-11-2013,ODI # 3436,Jason Holder ,391485
874,7,7,5,140,1,0, India,Visakhapatnam,24-11-2013,ODI # 3437,Jason Holder ,391485
876,10,10,9,111.11,1,0, New Zealand,Auckland,26-12-2013,ODI # 3449,Jason Holder ,391485
882,22,22,15,146.66,3,0, Bangladesh,St George's,20-08-2014,ODI # 3509,Jason Holder ,391485
883,8,8,4,200,0,1, Bangladesh,St George's,22-08-2014,ODI # 3511,Jason Holder ,391485
884,0,0,1,0,0,0, Bangladesh,Basseterre,25-08-2014,ODI # 3514,Jason Holder ,391485
885,11,11,8,137.5,1,0, India,Dharamsala,17-10-2014,ODI # 3535,Jason Holder ,391485
886,2,2,6,33.33,0,0, South Africa,Durban,16-01-2015,ODI # 3579,Jason Holder ,391485
887,21,21,25,84,2,0, South Africa,Johannesburg,18-01-2015,ODI # 3583,Jason Holder ,391485
888,17,17,24,70.83,2,0, South Africa,East London,21-01-2015,ODI # 3587,Jason Holder ,391485
889,13,13,12,108.33,2,0, South Africa,Port Elizabeth,25-01-2015,ODI # 3591,Jason Holder ,391485
890,0,0,3,0,0,0, South Africa,Centurion,28-01-2015,ODI # 3593,Jason Holder ,391485
894,56,56,48,116.66,3,4, South Africa,Sydney,27-02-2015,ODI # 3616,Jason Holder ,391485
895,57,57,64,89.06,4,3, India,Perth,06-03-2015,ODI # 3625,Jason Holder ,391485
897,42,42,26,161.53,5,2, New Zealand,Wellington,21-03-2015,ODI # 3643,Jason Holder ,391485
898,36,36,13,276.92,2,3, Sri Lanka,Colombo (RPS),01-11-2015,ODI # 3701,Jason Holder ,391485
899,19,19,19,100,3,0, Sri Lanka,Pallekele,07-11-2015,ODI # 3704,Jason Holder ,391485
900,10,10,21,47.61,1,0, South Africa,Providence,03-06-2016,ODI # 3739,Jason Holder ,391485
901,1,1,6,16.66,0,0, Australia,Providence,05-06-2016,ODI # 3740,Jason Holder ,391485
902,0,0,2,0,0,0, Australia,Basseterre,13-06-2016,ODI # 3745,Jason Holder ,391485
903,19,19,31,61.29,1,0, South Africa,Basseterre,15-06-2016,ODI # 3747,Jason Holder ,391485
904,1,1,2,50,0,0, Australia,Bridgetown,21-06-2016,ODI # 3752,Jason Holder ,391485
905,40,40,46,86.95,3,2, South Africa,Bridgetown,24-06-2016,ODI # 3754,Jason Holder ,391485
906,34,34,37,91.89,3,1, Australia,Bridgetown,26-06-2016,ODI # 3756,Jason Holder ,391485
907,1,1,5,20,0,0, Pakistan,Sharjah,30-09-2016,ODI # 3784,Jason Holder ,391485
908,31,31,26,119.23,4,0, Pakistan,Sharjah,02-10-2016,ODI # 3788,Jason Holder ,391485
909,26,26,25,104,1,1, Pakistan,Abu Dhabi,05-10-2016,ODI # 3789,Jason Holder ,391485
910,2,2,3,66.66,0,0, Sri Lanka,Harare,16-11-2016,ODI # 3805,Jason Holder ,391485
911,4,4,8,50,0,0, Zimbabwe,Bulawayo,19-11-2016,ODI # 3806,Jason Holder ,391485
912,45,45,46,97.82,1,1, Sri Lanka,Bulawayo,23-11-2016,ODI # 3808,Jason Holder ,391485
913,22,22,17,129.41,3,1, Zimbabwe,Bulawayo,25-11-2016,ODI # 3809,Jason Holder ,391485
914,4,4,7,57.14,0,0, England,North Sound,03-03-2017,ODI # 3845,Jason Holder ,391485
915,15,15,22,68.18,0,0, England,North Sound,05-03-2017,ODI # 3848,Jason Holder ,391485
916,0,0,1,0,0,0, England,Bridgetown,09-03-2017,ODI # 3849,Jason Holder ,391485
917,11,11,8,137.5,0,1, Pakistan,Providence,07-04-2017,ODI # 3861,Jason Holder ,391485
918,68,68,87,78.16,6,1, Pakistan,Providence,09-04-2017,ODI # 3862,Jason Holder ,391485
919,12,12,15,80,0,1, Pakistan,Providence,11-04-2017,ODI # 3863,Jason Holder ,391485
920,0,0,1,0,0,0, Afghanistan,Gros Islet,09-06-2017,ODI # 3884,Jason Holder ,391485
921,11,11,10,110,1,0, Afghanistan,Gros Islet,11-06-2017,ODI # 3887,Jason Holder ,391485
924,29,29,29,100,1,1, India,Port of Spain,25-06-2017,ODI # 3896,Jason Holder ,391485
925,6,6,9,66.66,0,0, India,North Sound,30-06-2017,ODI # 3898,Jason Holder ,391485
926,11,11,10,110,1,0, India,North Sound,02-07-2017,ODI # 3900,Jason Holder ,391485
927,36,36,34,105.88,4,1, India,Kingston,06-07-2017,ODI # 3902,Jason Holder ,391485
928,41,41,33,124.24,5,0, England,Manchester,19-09-2017,ODI # 3911,Jason Holder ,391485
930,34,34,26,130.76,1,3, England,Bristol,24-09-2017,ODI # 3915,Jason Holder ,391485
931,77,77,62,124.19,4,4, England,The Oval,27-09-2017,ODI # 3916,Jason Holder ,391485
932,8,8,14,57.14,0,0, New Zealand,Whangarei,20-12-2017,ODI # 3943,Jason Holder ,391485
933,13,13,23,56.52,0,0, New Zealand,Christchurch,23-12-2017,ODI # 3944,Jason Holder ,391485
934,34,34,21,161.9,3,1, New Zealand,Christchurch,26-12-2017,ODI # 3945,Jason Holder ,391485
935,12,12,6,200,0,1, U.A.E.,Harare,06-03-2018,ODI # 3987,Jason Holder ,391485
936,99,99,101,98.01,9,4, P.N.G.,Harare,08-03-2018,ODI # 3991,Jason Holder ,391485
937,54,54,71,76.05,3,1, Ireland,Harare,10-03-2018,ODI # 3993,Jason Holder ,391485
938,28,28,26,107.69,2,1, Afghanistan,Harare,15-03-2018,ODI # 3997,Jason Holder ,391485
939,6,6,2,300,0,1, Zimbabwe,Harare,19-03-2018,ODI # 4002,Jason Holder ,391485
940,12,12,18,66.66,0,0, Scotland,Harare,21-03-2018,ODI # 4004,Jason Holder ,391485
942,17,17,18,94.44,0,1, Bangladesh,Providence,22-07-2018,ODI # 4022,Jason Holder ,391485
943,7,7,5,140,0,1, Bangladesh,Providence,25-07-2018,ODI # 4023,Jason Holder ,391485
944,9,9,10,90,0,0, Bangladesh,Basseterre,28-07-2018,ODI # 4024,Jason Holder ,391485
945,38,38,42,90.47,5,0, India,Guwahati,21-10-2018,ODI # 4056,Jason Holder ,391485
946,12,12,23,52.17,0,0, India,Visakhapatnam,24-10-2018,ODI # 4059,Jason Holder ,391485
947,32,32,39,82.05,2,1, India,Pune,27-10-2018,ODI # 4062,Jason Holder ,391485
948,54,54,70,77.14,1,2, India,Mumbai (BS),29-10-2018,ODI # 4063,Jason Holder ,391485
949,25,25,33,75.75,2,0, India,Thiruvananthapuram,01-11-2018,ODI # 4064,Jason Holder ,391485
950,16,16,12,133.33,2,0, England,Bridgetown,20-02-2019,ODI # 4096,Jason Holder ,391485
951,3,3,6,50,0,0, England,Bridgetown,22-02-2019,ODI # 4097,Jason Holder ,391485
953,29,29,35,82.85,3,0, England,St George's,27-02-2019,ODI # 4099,Jason Holder ,391485
955,1,1,6,16.66,0,0, Ireland,Dublin,05-05-2019,ODI # 4128,Jason Holder ,391485
956,4,4,2,200,1,0, Bangladesh,Dublin,07-05-2019,ODI # 4129,Jason Holder ,391485
957,36,36,24,150,1,2, Ireland,Dublin (Malahide),11-05-2019,ODI # 4132,Jason Holder ,391485
958,62,62,76,81.57,3,1, Bangladesh,Dublin (Malahide),13-05-2019,ODI # 4134,Jason Holder ,391485
963,3,3,3,100,0,0, Pakistan,Colombo (RPS),19-07-2015,ODI # 3670,Nuwan Pradeep,324358
964,0,0,2,0,0,0, Pakistan,Colombo (RPS),22-07-2015,ODI # 3671,Nuwan Pradeep,324358
966,0,0,1,0,0,0, New Zealand,Mount Maunganui,05-01-2016,ODI # 3721,Nuwan Pradeep,324358
970,2,2,2,100,0,0, England,Bristol,26-06-2016,ODI # 3755,Nuwan Pradeep,324358
972,7,7,8,87.5,1,0, England,Cardiff,02-07-2016,ODI # 3758,Nuwan Pradeep,324358
974,0,0,4,0,0,0, West Indies,Harare,16-11-2016,ODI # 3805,Nuwan Pradeep,324358
976,0,0,1,0,0,0, Bangladesh,Dambulla,28-03-2017,ODI # 3856,Nuwan Pradeep,324358
977,5,5,12,41.66,1,0, South Africa,The Oval,03-06-2017,ODI # 3877,Nuwan Pradeep,324358
979,1,1,3,33.33,0,0, Pakistan,Cardiff,12-06-2017,ODI # 3888,Nuwan Pradeep,324358
985,0,0,11,0,0,0, India,Visakhapatnam,17-12-2017,ODI # 3942,Nuwan Pradeep,324358
986,0,0,5,0,0,0, Bangladesh,Dhaka,19-01-2018,ODI # 3959,Nuwan Pradeep,324358
991,6,6,3,200,0,1, New Zealand,Mount Maunganui,03-01-2019,ODI # 4074,Nuwan Pradeep,324358
992,3,3,5,60,0,0, New Zealand,Mount Maunganui,05-01-2019,ODI # 4075,Nuwan Pradeep,324358
993,0,0,3,0,0,0, New Zealand,Nelson,08-01-2019,ODI # 4076,Nuwan Pradeep,324358
994,5,5,11,45.45,0,0, U.A.E.,Dambulla,17-07-2004,ODI # 2146,Lasith Malinga,49758
996,1,1,1,100,0,0, India,Colombo (RPS),27-07-2004,ODI # 2153,Lasith Malinga,49758
998,1,1,6,16.66,0,0, New Zealand,Queenstown,31-12-2005,ODI # 2309,Lasith Malinga,49758
1000,15,15,29,51.72,2,0, Pakistan,Colombo (RPS),19-03-2006,ODI # 2352,Lasith Malinga,49758
1002,3,3,8,37.5,0,0, England,Lord's,17-06-2006,ODI # 2384,Lasith Malinga,49758
1003,2,2,3,66.66,0,0, England,The Oval,20-06-2006,ODI # 2385,Lasith Malinga,49758
1007,3,3,3,100,0,0, Netherlands,Amstelveen,04-07-2006,ODI # 2390,Lasith Malinga,49758
1009,7,7,2,350,1,0, Bangladesh,Mohali,07-10-2006,ODI # 2423,Lasith Malinga,49758
1010,5,5,5,100,0,0, Zimbabwe,Ahmedabad,10-10-2006,ODI # 2425,Lasith Malinga,49758
1012,0,0,1,0,0,0, Pakistan,Jaipur,17-10-2006,ODI # 2431,Lasith Malinga,49758
1014,2,2,6,33.33,0,0, South Africa,Ahmedabad,24-10-2006,ODI # 2435,Lasith Malinga,49758
1025,0,0,2,0,0,0, South Africa,Providence,28-03-2007,ODI # 2556,Lasith Malinga,49758
1027,2,2,7,28.57,0,0, England,North Sound,04-04-2007,ODI # 2563,Lasith Malinga,49758
1029,10,10,6,166.66,0,1, Australia,Bridgetown,28-04-2007,ODI # 2581,Lasith Malinga,49758
1030,3,3,7,42.85,0,0, Pakistan,Abu Dhabi,18-05-2007,ODI # 2584,Lasith Malinga,49758
1031,11,11,10,110,1,0, Pakistan,Abu Dhabi,22-05-2007,ODI # 2586,Lasith Malinga,49758
1035,0,0,1,0,0,0, England,Dambulla,04-10-2007,ODI # 2624,Lasith Malinga,49758
1036,0,0,5,0,0,0, England,Dambulla,07-10-2007,ODI # 2626,Lasith Malinga,49758
1037,3,3,3,100,0,0, England,Colombo (RPS),10-10-2007,ODI # 2628,Lasith Malinga,49758
1038,0,0,2,0,0,0, England,Colombo (RPS),13-10-2007,ODI # 2630,Lasith Malinga,49758
1040,2,2,10,20,0,0, Australia,Sydney,08-02-2008,ODI # 2673,Lasith Malinga,49758
1042,5,5,18,27.77,1,0, Australia,Perth,15-02-2008,ODI # 2679,Lasith Malinga,49758
1045,12,12,36,33.33,0,0, India,Hobart,26-02-2008,ODI # 2686,Lasith Malinga,49758
1046,0,0,1,0,0,0, Australia,Melbourne,29-02-2008,ODI # 2687,Lasith Malinga,49758
1047,4,4,3,133.33,0,0, Pakistan,Dambulla,30-07-2009,ODI # 2864,Lasith Malinga,49758
1049,0,0,1,0,0,0, Pakistan,Colombo (RPS),07-08-2009,ODI # 2868,Lasith Malinga,49758
1052,0,0,1,0,0,0, India,Colombo (RPS),14-09-2009,ODI # 2889,Lasith Malinga,49758
1054,0,0,1,0,0,0, England,Johannesburg,25-09-2009,ODI # 2896,Lasith Malinga,49758
1055,15,15,10,150,1,1, New Zealand,Johannesburg,27-09-2009,ODI # 2899,Lasith Malinga,49758
1056,13,13,24,54.16,1,1, India,Cuttack,21-12-2009,ODI # 2934,Lasith Malinga,49758
1058,16,16,12,133.33,1,1, Pakistan,Dambulla,15-06-2010,ODI # 2991,Lasith Malinga,49758
1060,7,7,11,63.63,1,0, India,Dambulla,24-06-2010,ODI # 3001,Lasith Malinga,49758
1062,5,5,12,41.66,1,0, India,Dambulla,16-08-2010,ODI # 3032,Lasith Malinga,49758
1066,56,56,48,116.66,6,2, Australia,Melbourne,03-11-2010,ODI # 3065,Lasith Malinga,49758
1068,2,2,9,22.22,0,0, Australia,Brisbane,07-11-2010,ODI # 3068,Lasith Malinga,49758
1074,6,6,4,150,0,1, New Zealand,Mumbai,18-03-2011,ODI # 3137,Lasith Malinga,49758
1078,26,26,15,173.33,4,1, England,The Oval,28-06-2011,ODI # 3165,Lasith Malinga,49758
1081,0,0,4,0,0,0, England,Nottingham,06-07-2011,ODI # 3169,Lasith Malinga,49758
1082,6,6,2,300,0,1, England,Manchester,09-07-2011,ODI # 3170,Lasith Malinga,49758
1083,32,32,15,213.33,2,2, Scotland,Edinburgh,13-07-2011,ODI # 3172,Lasith Malinga,49758
1084,0,0,2,0,0,0, Australia,Hambantota,14-08-2011,ODI # 3178,Lasith Malinga,49758
1085,1,1,1,100,0,0, Australia,Hambantota,16-08-2011,ODI # 3180,Lasith Malinga,49758
1086,0,0,2,0,0,0, Australia,Colombo (RPS),20-08-2011,ODI # 3182,Lasith Malinga,49758
1088,11,11,14,78.57,0,1, Pakistan,Dubai (DSC),11-11-2011,ODI # 3212,Lasith Malinga,49758
1089,2,2,1,200,0,0, Pakistan,Dubai (DSC),14-11-2011,ODI # 3213,Lasith Malinga,49758
1090,0,0,2,0,0,0, Pakistan,Dubai (DSC),18-11-2011,ODI # 3214,Lasith Malinga,49758
1091,4,4,6,66.66,0,0, Pakistan,Sharjah,20-11-2011,ODI # 3215,Lasith Malinga,49758
1092,4,4,2,200,1,0, Pakistan,Abu Dhabi,23-11-2011,ODI # 3216,Lasith Malinga,49758
1093,1,1,9,11.11,0,0, South Africa,Paarl,11-01-2012,ODI # 3225,Lasith Malinga,49758
1095,2,2,4,50,0,0, South Africa,Bloemfontein,17-01-2012,ODI # 3227,Lasith Malinga,49758
1098,1,1,1,100,0,0, India,Perth,08-02-2012,ODI # 3233,Lasith Malinga,49758
1099,1,1,6,16.66,0,0, Australia,Perth,10-02-2012,ODI # 3235,Lasith Malinga,49758
1105,2,2,4,50,0,0, Australia,Melbourne,02-03-2012,ODI # 3253,Lasith Malinga,49758
1106,1,1,6,16.66,0,0, Australia,Brisbane,04-03-2012,ODI # 3255,Lasith Malinga,49758
1108,6,6,9,66.66,1,0, Australia,Adelaide,08-03-2012,ODI # 3257,Lasith Malinga,49758
1109,1,1,6,16.66,0,0, Pakistan,Dhaka,15-03-2012,ODI # 3260,Lasith Malinga,49758
1110,10,10,13,76.92,1,0, Bangladesh,Dhaka,20-03-2012,ODI # 3265,Lasith Malinga,49758
1114,0,0,1,0,0,0, Pakistan,Colombo (RPS),16-06-2012,ODI # 3275,Lasith Malinga,49758
1116,19,19,10,190,1,2, India,Hambantota,21-07-2012,ODI # 3291,Lasith Malinga,49758
1119,15,15,7,214.28,0,2, India,Colombo (RPS),31-07-2012,ODI # 3294,Lasith Malinga,49758
1120,10,10,9,111.11,2,0, India,Pallekele,04-08-2012,ODI # 3295,Lasith Malinga,49758
1125,1,1,2,50,0,0, Australia,Melbourne,11-01-2013,ODI # 3317,Lasith Malinga,49758
1129,2,2,5,40,0,0, Australia,Hobart,23-01-2013,ODI # 3326,Lasith Malinga,49758
1132,5,5,3,166.66,1,0, Bangladesh,Pallekele,28-03-2013,ODI # 3352,Lasith Malinga,49758
1133,2,2,3,66.66,0,0, New Zealand,Cardiff,09-06-2013,ODI # 3366,Lasith Malinga,49758
1135,2,2,1,200,0,0, Australia,The Oval,17-06-2013,ODI # 3374,Lasith Malinga,49758
1136,7,7,2,350,1,0, India,Cardiff,20-06-2013,ODI # 3376,Lasith Malinga,49758
1137,8,8,9,88.88,0,1, West Indies,Kingston,28-06-2013,ODI # 3378,Lasith Malinga,49758
1140,7,7,5,140,1,0, India,Port of Spain,09-07-2013,ODI # 3387,Lasith Malinga,49758
1141,0,0,2,0,0,0, India,Port of Spain,11-07-2013,ODI # 3388,Lasith Malinga,49758
1144,0,0,1,0,0,0, South Africa,Pallekele,26-07-2013,ODI # 3398,Lasith Malinga,49758
1146,0,0,1,0,0,0, New Zealand,Hambantota,10-11-2013,ODI # 3432,Lasith Malinga,49758
1151,19,19,27,70.37,4,0, Pakistan,Sharjah,22-12-2013,ODI # 3447,Lasith Malinga,49758
1152,0,0,5,0,0,0, Pakistan,Abu Dhabi,25-12-2013,ODI # 3448,Lasith Malinga,49758
1153,0,0,1,0,0,0, Pakistan,Abu Dhabi,27-12-2013,ODI # 3450,Lasith Malinga,49758
1154,0,0,10,0,0,0, Bangladesh,Dhaka,17-02-2014,ODI # 3469,Lasith Malinga,49758
1160,10,10,16,62.5,1,0, England,The Oval,22-05-2014,ODI # 3492,Lasith Malinga,49758
1162,2,2,6,33.33,0,0, England,Manchester,28-05-2014,ODI # 3494,Lasith Malinga,49758
1165,6,6,4,150,0,1, South Africa,Colombo (RPS),06-07-2014,ODI # 3500,Lasith Malinga,49758
1166,0,0,2,0,0,0, South Africa,Pallekele,09-07-2014,ODI # 3501,Lasith Malinga,49758
1167,0,0,3,0,0,0, South Africa,Hambantota,12-07-2014,ODI # 3502,Lasith Malinga,49758
1169,0,0,1,0,0,0, Pakistan,Hambantota,26-08-2014,ODI # 3515,Lasith Malinga,49758
1171,0,0,1,0,0,0, New Zealand,Christchurch,14-02-2015,ODI # 3599,Lasith Malinga,49758
1175,0,0,2,0,0,0, Australia,Sydney,08-03-2015,ODI # 3629,Lasith Malinga,49758
1176,1,1,3,33.33,0,0, Scotland,Hobart,11-03-2015,ODI # 3632,Lasith Malinga,49758
1177,3,3,6,50,0,0, South Africa,Sydney,18-03-2015,ODI # 3640,Lasith Malinga,49758
1178,4,4,4,100,0,0, Pakistan,Dambulla,11-07-2015,ODI # 3664,Lasith Malinga,49758
1179,2,2,5,40,0,0, Pakistan,Pallekele,15-07-2015,ODI # 3669,Lasith Malinga,49758
1180,6,6,8,75,0,0, Pakistan,Colombo (RPS),19-07-2015,ODI # 3670,Lasith Malinga,49758
1181,17,17,13,130.76,2,1, Pakistan,Colombo (RPS),22-07-2015,ODI # 3671,Lasith Malinga,49758
1182,0,0,1,0,0,0, West Indies,Colombo (RPS),01-11-2015,ODI # 3701,Lasith Malinga,49758
1185,1,1,2,50,0,0, South Africa,The Oval,03-06-2017,ODI # 3877,Lasith Malinga,49758
1187,9,9,14,64.28,0,0, Pakistan,Cardiff,12-06-2017,ODI # 3888,Lasith Malinga,49758
1193,8,8,6,133.33,0,1, India,Dambulla,20-08-2017,ODI # 3905,Lasith Malinga,49758
1195,1,1,5,20,0,0, India,Pallekele,27-08-2017,ODI # 3907,Lasith Malinga,49758
1196,0,0,1,0,0,0, India,Colombo (RPS),31-08-2017,ODI # 3908,Lasith Malinga,49758
1197,2,2,4,50,0,0, India,Colombo (RPS),03-09-2017,ODI # 3909,Lasith Malinga,49758
1198,3,3,3,100,0,0, Bangladesh,Dubai (DSC),15-09-2018,ODI # 4036,Lasith Malinga,49758
1199,1,1,7,14.28,0,0, Afghanistan,Abu Dhabi,17-09-2018,ODI # 4038,Lasith Malinga,49758
1202,2,2,2,100,0,0, England,Pallekele,17-10-2018,ODI # 4054,Lasith Malinga,49758
1203,4,4,1,400,1,0, England,Pallekele,20-10-2018,ODI # 4055,Lasith Malinga,49758
1204,11,11,7,157.14,0,1, New Zealand,Mount Maunganui,03-01-2019,ODI # 4074,Lasith Malinga,49758
1205,17,17,22,77.27,2,0, New Zealand,Mount Maunganui,05-01-2019,ODI # 4075,Lasith Malinga,49758
1206,0,0,1,0,0,0, New Zealand,Nelson,08-01-2019,ODI # 4076,Lasith Malinga,49758
1207,15,15,24,62.5,2,0, South Africa,Johannesburg,03-03-2019,ODI # 4104,Lasith Malinga,49758
1208,1,1,4,25,0,0, South Africa,Centurion,06-03-2019,ODI # 4107,Lasith Malinga,49758
1210,0,0,2,0,0,0, South Africa,Port Elizabeth,13-03-2019,ODI # 4114,Lasith Malinga,49758
1212,22,22,21,104.76,2,1, Pakistan,Dambulla,11-07-2015,ODI # 3664,Milinda Siriwardana,222354
1213,26,26,28,92.85,3,0, Pakistan,Pallekele,15-07-2015,ODI # 3669,Milinda Siriwardana,222354
1214,2,2,3,66.66,0,0, Pakistan,Colombo (RPS),19-07-2015,ODI # 3670,Milinda Siriwardana,222354
1215,19,19,11,172.72,2,1, Pakistan,Colombo (RPS),22-07-2015,ODI # 3671,Milinda Siriwardana,222354
1216,52,52,26,200,4,3, Pakistan,Hambantota,26-07-2015,ODI # 3672,Milinda Siriwardana,222354
1217,7,7,8,87.5,0,0, West Indies,Colombo (RPS),01-11-2015,ODI # 3701,Milinda Siriwardana,222354
1219,17,17,13,130.76,0,1, West Indies,Pallekele,07-11-2015,ODI # 3704,Milinda Siriwardana,222354
1220,66,66,82,80.48,7,0, New Zealand,Christchurch,26-12-2015,ODI # 3714,Milinda Siriwardana,222354
1221,12,12,14,85.71,2,0, New Zealand,Christchurch,28-12-2015,ODI # 3715,Milinda Siriwardana,222354
1224,39,39,22,177.27,3,2, New Zealand,Mount Maunganui,05-01-2016,ODI # 3721,Milinda Siriwardana,222354
1225,19,19,26,73.07,0,0, Australia,Colombo (RPS),21-08-2016,ODI # 3768,Milinda Siriwardana,222354
1226,22,22,25,88,1,1, Bangladesh,Dambulla,25-03-2017,ODI # 3855,Milinda Siriwardana,222354
1227,30,30,30,100,3,0, Bangladesh,Dambulla,28-03-2017,ODI # 3856,Milinda Siriwardana,222354
1228,12,12,16,75,1,0, Bangladesh,Colombo (SSC),01-04-2017,ODI # 3858,Milinda Siriwardana,222354
1229,58,58,58,100,2,1, India,Pallekele,24-08-2017,ODI # 3906,Milinda Siriwardana,222354
1230,29,29,27,107.4,4,0, India,Pallekele,27-08-2017,ODI # 3907,Milinda Siriwardana,222354
1231,39,39,43,90.69,3,2, India,Colombo (RPS),31-08-2017,ODI # 3908,Milinda Siriwardana,222354
1232,18,18,13,138.46,1,1, India,Colombo (RPS),03-09-2017,ODI # 3909,Milinda Siriwardana,222354
1233,0,0,1,0,0,0, Pakistan,Dubai (DSC),13-10-2017,ODI # 3922,Milinda Siriwardana,222354
1234,3,3,5,60,0,0, Pakistan,Abu Dhabi,16-10-2017,ODI # 3924,Milinda Siriwardana,222354
1235,2,2,4,50,0,0, Pakistan,Abu Dhabi,18-10-2017,ODI # 3926,Milinda Siriwardana,222354
1236,13,13,32,40.62,0,0, Pakistan,Sharjah,20-10-2017,ODI # 3927,Milinda Siriwardana,222354
1237,6,6,13,46.15,1,0, Pakistan,Sharjah,23-10-2017,ODI # 3930,Milinda Siriwardana,222354
1239,35,35,35,100,4,0, India,Harare,05-06-2010,ODI # 2988,Jeevan Mendis,49700
1240,7,7,8,87.5,1,0, Zimbabwe,Harare,07-06-2010,ODI # 2989,Jeevan Mendis,49700
1242,5,5,11,45.45,0,0, Australia,Brisbane,07-11-2010,ODI # 3068,Jeevan Mendis,49700
1243,9,9,15,60,0,0, England,The Oval,28-06-2011,ODI # 3165,Jeevan Mendis,49700
1244,7,7,4,175,0,1, England,Leeds,01-07-2011,ODI # 3167,Jeevan Mendis,49700
1246,11,11,29,37.93,1,0, England,Nottingham,06-07-2011,ODI # 3169,Jeevan Mendis,49700
1247,48,48,53,90.56,4,0, England,Manchester,09-07-2011,ODI # 3170,Jeevan Mendis,49700
1248,34,34,26,130.76,3,1, Scotland,Edinburgh,13-07-2011,ODI # 3172,Jeevan Mendis,49700
1249,2,2,6,33.33,0,0, Australia,Pallekele,10-08-2011,ODI # 3175,Jeevan Mendis,49700
1250,5,5,9,55.55,0,0, Australia,Hambantota,14-08-2011,ODI # 3178,Jeevan Mendis,49700
1251,1,1,3,33.33,0,0, Australia,Hambantota,16-08-2011,ODI # 3180,Jeevan Mendis,49700
1252,7,7,14,50,1,0, Australia,Colombo (RPS),22-08-2011,ODI # 3184,Jeevan Mendis,49700
1253,17,17,17,100,1,0, Pakistan,Dubai (DSC),14-11-2011,ODI # 3213,Jeevan Mendis,49700
1254,19,19,15,126.66,2,0, Pakistan,Dubai (DSC),18-11-2011,ODI # 3214,Jeevan Mendis,49700
1255,2,2,7,28.57,0,0, Pakistan,Sharjah,20-11-2011,ODI # 3215,Jeevan Mendis,49700
1256,2,2,12,16.66,0,0, Pakistan,Abu Dhabi,23-11-2011,ODI # 3216,Jeevan Mendis,49700
1257,19,19,20,95,2,1, Pakistan,Colombo (RPS),18-06-2012,ODI # 3277,Jeevan Mendis,49700
1258,45,45,40,112.5,3,1, India,Colombo (RPS),28-07-2012,ODI # 3293,Jeevan Mendis,49700
1259,17,17,16,106.25,2,0, India,Colombo (RPS),31-07-2012,ODI # 3294,Jeevan Mendis,49700
1260,72,72,88,81.81,6,0, India,Pallekele,04-08-2012,ODI # 3295,Jeevan Mendis,49700
1264,0,0,4,0,0,0, New Zealand,Hambantota,12-11-2012,ODI # 3308,Jeevan Mendis,49700
1265,20,20,18,111.11,1,1, Australia,Melbourne,11-01-2013,ODI # 3317,Jeevan Mendis,49700
1267,2,2,13,15.38,0,0, Australia,Brisbane,18-01-2013,ODI # 3321,Jeevan Mendis,49700
1269,26,26,40,65,2,1, Australia,Hobart,23-01-2013,ODI # 3326,Jeevan Mendis,49700
1272,5,5,7,71.42,1,0, Bangladesh,Pallekele,28-03-2013,ODI # 3352,Jeevan Mendis,49700
1273,25,25,35,71.42,1,0, India,Cardiff,20-06-2013,ODI # 3376,Jeevan Mendis,49700
1274,5,5,12,41.66,0,0, West Indies,Kingston,28-06-2013,ODI # 3378,Jeevan Mendis,49700
1275,8,8,5,160,2,0, West Indies,Port of Spain,07-07-2013,ODI # 3385,Jeevan Mendis,49700
1276,13,13,16,81.25,1,0, India,Port of Spain,09-07-2013,ODI # 3387,Jeevan Mendis,49700
1277,30,30,14,214.28,2,2, England,Colombo (RPS),26-11-2014,ODI # 3554,Jeevan Mendis,49700
1279,12,12,10,120,1,0, England,Hambantota,03-12-2014,ODI # 3561,Jeevan Mendis,49700
1281,12,12,15,80,0,0, England,Pallekele,10-12-2014,ODI # 3565,Jeevan Mendis,49700
1282,12,12,11,109.09,1,0, England,Pallekele,13-12-2014,ODI # 3567,Jeevan Mendis,49700
1283,1,1,1,100,0,0, England,Colombo (RPS),16-12-2014,ODI # 3569,Jeevan Mendis,49700
1284,23,23,25,92,2,1, New Zealand,Christchurch,11-01-2015,ODI # 3574,Jeevan Mendis,49700
1287,12,12,10,120,0,1, New Zealand,Nelson,20-01-2015,ODI # 3585,Jeevan Mendis,49700
1288,18,18,17,105.88,1,1, New Zealand,Dunedin,23-01-2015,ODI # 3588,Jeevan Mendis,49700
1289,3,3,8,37.5,0,0, New Zealand,Dunedin,25-01-2015,ODI # 3590,Jeevan Mendis,49700
1290,4,4,4,100,1,0, New Zealand,Christchurch,14-02-2015,ODI # 3599,Jeevan Mendis,49700
1291,9,9,17,52.94,0,0, Afghanistan,Dunedin,22-02-2015,ODI # 3609,Jeevan Mendis,49700
1292,7,7,16,43.75,0,0, New Zealand,Christchurch,28-12-2015,ODI # 3715,Jeffrey Vandersay,370040
1297,8,8,16,50,1,0, South Africa,Port Elizabeth,28-01-2017,ODI # 3828,Jeffrey Vandersay,370040
1298,7,7,18,38.88,1,0, South Africa,Centurion,10-02-2017,ODI # 3834,Jeffrey Vandersay,370040
1299,25,25,47,53.19,1,0, Pakistan,Dubai (DSC),13-10-2017,ODI # 3922,Jeffrey Vandersay,370040
1300,22,22,55,40,0,0, Pakistan,Abu Dhabi,16-10-2017,ODI # 3924,Jeffrey Vandersay,370040
1301,0,0,4,0,0,0, Pakistan,Abu Dhabi,18-10-2017,ODI # 3926,Jeffrey Vandersay,370040
1302,2,2,10,20,0,0, Pakistan,Sharjah,23-10-2017,ODI # 3930,Jeffrey Vandersay,370040
1305,0,0,9,0,0,0, South Africa,Durban,10-03-2019,ODI # 4112,Isuru Udana,328026
1306,78,78,57,136.84,7,4, South Africa,Port Elizabeth,13-03-2019,ODI # 4114,Isuru Udana,328026
1307,32,32,29,110.34,3,1, South Africa,Cape Town,16-03-2019,ODI # 4115,Isuru Udana,328026
1308,31,31,14,221.42,4,1, India,Kolkata,24-12-2009,ODI # 2935,Thisara Perera,233514
1310,36,36,15,240,6,1, India,Dhaka,05-01-2010,ODI # 2938,Thisara Perera,233514
1312,11,11,17,64.7,2,0, India,Dhaka,10-01-2010,ODI # 2941,Thisara Perera,233514
1313,6,6,6,100,1,0, India,Dhaka,13-01-2010,ODI # 2943,Thisara Perera,233514
1314,32,32,23,139.13,2,1, India,Bulawayo,30-05-2010,ODI # 2983,Thisara Perera,233514
1317,8,8,16,50,0,0, Zimbabwe,Harare,07-06-2010,ODI # 2989,Thisara Perera,233514
1319,6,6,8,75,0,0, India,Dambulla,28-08-2010,ODI # 3040,Thisara Perera,233514
1320,0,0,4,0,0,0, Australia,Melbourne,03-11-2010,ODI # 3065,Thisara Perera,233514
1322,3,3,7,42.85,0,0, Australia,Brisbane,07-11-2010,ODI # 3068,Thisara Perera,233514
1323,6,6,8,75,0,0, West Indies,Colombo (SSC),06-02-2011,ODI # 3099,Thisara Perera,233514
1324,11,11,11,100,1,0, Canada,Hambantota,20-02-2011,ODI # 3102,Thisara Perera,233514
1325,8,8,6,133.33,1,0, Pakistan,Colombo (RPS),26-02-2011,ODI # 3109,Thisara Perera,233514
1326,3,3,5,60,0,0, Zimbabwe,Pallekele,10-03-2011,ODI # 3125,Thisara Perera,233514
1327,22,22,9,244.44,3,1, India,Mumbai,02-04-2011,ODI # 3148,Thisara Perera,233514
1328,9,9,17,52.94,0,0, Scotland,Edinburgh,13-07-2011,ODI # 3172,Thisara Perera,233514
1329,13,13,12,108.33,0,1, Pakistan,Dubai (DSC),14-11-2011,ODI # 3213,Thisara Perera,233514
1330,4,4,5,80,0,0, Pakistan,Dubai (DSC),18-11-2011,ODI # 3214,Thisara Perera,233514
