Overs,Mdns,Runs,Wickets,Economy,Average,SR,Opposition,Ground,Start_Date,Match_Id,Bowler,Player_Id
8,0,57,0,7.12,0,0,v India,Nagpur,18-12-2009,ODI # 2933,Suranga Lakmal,49619
10,0,55,2,5.5,27.5,30,v India,Kolkata,24-12-2009,ODI # 2935,Suranga Lakmal,49619
9,1,63,2,7,31.5,27,v Bangladesh,Dhaka,04-01-2010,ODI # 2937,Suranga Lakmal,49619
8,1,48,0,6,0,0,v India,Dhaka,05-01-2010,ODI # 2938,Suranga Lakmal,49619
10,0,75,0,7.5,0,0,v India,Dhaka,10-01-2010,ODI # 2941,Suranga Lakmal,49619
7,0,52,2,7.42,26,21,v England,The Oval,28-06-2011,ODI # 3165,Suranga Lakmal,49619
7.5,0,43,3,5.48,14.33,15.6,v England,Leeds,01-07-2011,ODI # 3167,Suranga Lakmal,49619
10,0,62,2,6.2,31,30,v England,Lord's,03-07-2011,ODI # 3168,Suranga Lakmal,49619
2,0,12,0,6,0,0,v England,Nottingham,06-07-2011,ODI # 3169,Suranga Lakmal,49619
5,0,39,0,7.8,0,0,v Australia,Pallekele,10-08-2011,ODI # 3175,Suranga Lakmal,49619
4,0,16,2,4,8,12,v Pakistan,Dubai (DSC),11-11-2011,ODI # 3212,Suranga Lakmal,49619
10,1,67,1,6.7,67,60,v India,Dhaka,13-03-2012,ODI # 3259,Suranga Lakmal,49619
8,1,37,2,4.62,18.5,24,v Pakistan,Dhaka,15-03-2012,ODI # 3260,Suranga Lakmal,49619
7.1,0,44,1,6.13,44,43,v Bangladesh,Dhaka,20-03-2012,ODI # 3265,Suranga Lakmal,49619
10,1,33,1,3.3,33,60,v India,Port of Spain,11-07-2013,ODI # 3388,Suranga Lakmal,49619
5.5,0,22,3,3.77,7.33,11.6,v South Africa,Colombo (RPS),31-07-2013,ODI # 3401,Suranga Lakmal,49619
10,0,73,2,7.3,36.5,30,v Pakistan,Sharjah,18-12-2013,ODI # 3445,Suranga Lakmal,49619
9,0,49,1,5.44,49,54,v Pakistan,Abu Dhabi,25-12-2013,ODI # 3448,Suranga Lakmal,49619
7.3,0,42,3,5.6,14,15,v Pakistan,Abu Dhabi,27-12-2013,ODI # 3450,Suranga Lakmal,49619
10,3,24,2,2.4,12,30,v Bangladesh,Dhaka,22-02-2014,ODI # 3471,Suranga Lakmal,49619
9,1,65,2,7.22,32.5,27,v Pakistan,Fatullah,25-02-2014,ODI # 3473,Suranga Lakmal,49619
7,2,30,2,4.28,15,21,v Afghanistan,Dhaka,03-03-2014,ODI # 3481,Suranga Lakmal,49619
10,0,32,2,3.2,16,30,v Bangladesh,Dhaka,06-03-2014,ODI # 3485,Suranga Lakmal,49619
10,2,41,0,4.1,0,0,v Pakistan,Dhaka,08-03-2014,ODI # 3486,Suranga Lakmal,49619
8,1,29,3,3.62,9.66,16,v Ireland,Dublin,06-05-2014,ODI # 3490,Suranga Lakmal,49619
6,0,34,0,5.66,0,0,v England,The Oval,22-05-2014,ODI # 3492,Suranga Lakmal,49619
8,0,30,4,3.75,7.5,12,v England,Pallekele,13-12-2014,ODI # 3567,Suranga Lakmal,49619
8,1,25,2,3.12,12.5,24,v England,Colombo (RPS),16-12-2014,ODI # 3569,Suranga Lakmal,49619
10,0,93,0,9.3,0,0,v New Zealand,Dunedin,23-01-2015,ODI # 3588,Suranga Lakmal,49619
7,1,31,0,4.42,0,0,v New Zealand,Dunedin,25-01-2015,ODI # 3590,Suranga Lakmal,49619
10,0,62,2,6.2,31,30,v New Zealand,Christchurch,14-02-2015,ODI # 3599,Suranga Lakmal,49619
10,1,36,2,3.6,18,30,v Afghanistan,Dunedin,22-02-2015,ODI # 3609,Suranga Lakmal,49619
8,0,49,2,6.12,24.5,24,v Bangladesh,Melbourne,26-02-2015,ODI # 3615,Suranga Lakmal,49619
7.4,0,71,1,9.26,71,46,v England,Wellington,01-03-2015,ODI # 3619,Suranga Lakmal,49619
5,1,21,1,4.2,21,30,v Pakistan,Dambulla,11-07-2015,ODI # 3664,Suranga Lakmal,49619
8,0,50,1,6.25,50,48,v Pakistan,Colombo (RPS),22-07-2015,ODI # 3671,Suranga Lakmal,49619
6,0,35,0,5.83,0,0,v Pakistan,Hambantota,26-07-2015,ODI # 3672,Suranga Lakmal,49619
5,0,15,3,3,5,10,v West Indies,Colombo (RPS),01-11-2015,ODI # 3701,Suranga Lakmal,49619
7,0,51,1,7.28,51,42,v West Indies,Colombo (RPS),04-11-2015,ODI # 3702,Suranga Lakmal,49619
7,0,40,2,5.71,20,21,v West Indies,Pallekele,07-11-2015,ODI # 3704,Suranga Lakmal,49619
3,0,24,0,8,0,0,v New Zealand,Christchurch,26-12-2015,ODI # 3714,Suranga Lakmal,49619
10,1,38,4,3.8,9.5,15,v Ireland,Dublin (Malahide),18-06-2016,ODI # 3749,Suranga Lakmal,49619
10,0,65,2,6.5,32.5,30,v England,Nottingham,21-06-2016,ODI # 3751,Suranga Lakmal,49619
5,0,21,0,4.2,0,0,v England,Birmingham,24-06-2016,ODI # 3753,Suranga Lakmal,49619
2,0,8,1,4,8,12,v England,Bristol,26-06-2016,ODI # 3755,Suranga Lakmal,49619
7,0,48,1,6.85,48,42,v England,The Oval,29-06-2016,ODI # 3757,Suranga Lakmal,49619
10,0,65,1,6.5,65,60,v England,Cardiff,02-07-2016,ODI # 3758,Suranga Lakmal,49619
8,1,30,0,3.75,0,0,v Australia,Pallekele,04-09-2016,ODI # 3776,Suranga Lakmal,49619
7,0,19,2,2.71,9.5,21,v Zimbabwe,Harare,14-11-2016,ODI # 3804,Suranga Lakmal,49619
9.2,1,45,2,4.82,22.5,28,v West Indies,Harare,16-11-2016,ODI # 3805,Suranga Lakmal,49619
4,1,14,0,3.5,0,0,v Zimbabwe,Bulawayo,21-11-2016,ODI # 3807,Suranga Lakmal,49619
10,0,67,2,6.7,33.5,30,v West Indies,Bulawayo,23-11-2016,ODI # 3808,Suranga Lakmal,49619
6,0,23,1,3.83,23,36,v Zimbabwe,Bulawayo,27-11-2016,ODI # 3810,Suranga Lakmal,49619
6,1,29,0,4.83,0,0,v South Africa,Port Elizabeth,28-01-2017,ODI # 3828,Suranga Lakmal,49619
7,0,54,2,7.71,27,21,v South Africa,Durban,01-02-2017,ODI # 3830,Suranga Lakmal,49619
6,1,23,0,3.83,0,0,v South Africa,Johannesburg,04-02-2017,ODI # 3831,Suranga Lakmal,49619
10,0,71,3,7.1,23.66,20,v South Africa,Centurion,10-02-2017,ODI # 3834,Suranga Lakmal,49619
8,0,45,2,5.62,22.5,24,v Bangladesh,Dambulla,25-03-2017,ODI # 3855,Suranga Lakmal,49619
8,0,38,2,4.75,19,24,v Bangladesh,Colombo (SSC),01-04-2017,ODI # 3858,Suranga Lakmal,49619
10,0,51,1,5.1,51,60,v South Africa,The Oval,03-06-2017,ODI # 3877,Suranga Lakmal,49619
10,1,72,1,7.2,72,60,v India,The Oval,08-06-2017,ODI # 3882,Suranga Lakmal,49619
10,0,48,1,4.8,48,60,v Pakistan,Cardiff,12-06-2017,ODI # 3888,Suranga Lakmal,49619
10,0,47,2,4.7,23.5,30,v Pakistan,Dubai (DSC),13-10-2017,ODI # 3922,Suranga Lakmal,49619
10,0,42,1,4.2,42,60,v Pakistan,Abu Dhabi,16-10-2017,ODI # 3924,Suranga Lakmal,49619
7,0,25,0,3.57,0,0,v Pakistan,Sharjah,20-10-2017,ODI # 3927,Suranga Lakmal,49619
10,4,13,4,1.3,3.25,15,v India,Dharamsala,10-12-2017,ODI # 3939,Suranga Lakmal,49619
8,0,71,0,8.87,0,0,v India,Mohali,13-12-2017,ODI # 3941,Suranga Lakmal,49619
5,2,20,0,4,0,0,v India,Visakhapatnam,17-12-2017,ODI # 3942,Suranga Lakmal,49619
10,0,70,1,7,70,60,v Zimbabwe,Dhaka,17-01-2018,ODI # 3955,Suranga Lakmal,49619
9,0,60,0,6.66,0,0,v Bangladesh,Dhaka,19-01-2018,ODI # 3959,Suranga Lakmal,49619
7,0,23,0,3.28,0,0,v Zimbabwe,Dhaka,21-01-2018,ODI # 3962,Suranga Lakmal,49619
7,1,21,3,3,7,14,v Bangladesh,Dhaka,25-01-2018,ODI # 3965,Suranga Lakmal,49619
9,2,29,0,3.22,0,0,v Bangladesh,Dhaka,27-01-2018,ODI # 3967,Suranga Lakmal,49619
6,0,37,1,6.16,37,36,v South Africa,Dambulla,29-07-2018,ODI # 4025,Suranga Lakmal,49619
7,0,39,1,5.57,39,42,v South Africa,Dambulla,01-08-2018,ODI # 4027,Suranga Lakmal,49619
9,1,59,0,6.55,0,0,v South Africa,Pallekele,05-08-2018,ODI # 4029,Suranga Lakmal,49619
5,0,46,3,9.2,15.33,10,v South Africa,Pallekele,08-08-2018,ODI # 4030,Suranga Lakmal,49619
4,0,22,1,5.5,22,24,v South Africa,Colombo (RPS),12-08-2018,ODI # 4031,Suranga Lakmal,49619
10,0,46,1,4.6,46,60,v Bangladesh,Dubai (DSC),15-09-2018,ODI # 4036,Suranga Lakmal,49619
9,0,83,1,9.22,83,54,v India,Guwahati,21-10-2018,ODI # 4056,Oshane Thomas,914567
4,0,33,1,8.25,33,24,v India,Thiruvananthapuram,01-11-2018,ODI # 4064,Oshane Thomas,914567
5,0,34,1,6.8,34,30,v Bangladesh,Dhaka,09-12-2018,ODI # 4071,Oshane Thomas,914567
10,0,54,3,5.4,18,20,v Bangladesh,Dhaka,11-12-2018,ODI # 4072,Oshane Thomas,914567
9,0,72,1,8,72,54,v England,Bridgetown,20-02-2019,ODI # 4096,Oshane Thomas,914567
5,0,32,1,6.4,32,30,v England,Bridgetown,22-02-2019,ODI # 4097,Oshane Thomas,914567
10,0,84,2,8.4,42,30,v England,St George's,27-02-2019,ODI # 4099,Oshane Thomas,914567
5.1,0,21,5,4.06,4.2,6.2,v England,Gros Islet,02-03-2019,ODI # 4103,Oshane Thomas,914567
10,2,37,1,3.7,37,60,v Ireland,Mohali,11-03-2011,ODI # 3126,Andre Russell,276298
8,0,49,4,6.12,12.25,12,v England,Chennai,17-03-2011,ODI # 3135,Andre Russell,276298
9.1,1,46,2,5.01,23,27.5,v India,Chennai,20-03-2011,ODI # 3141,Andre Russell,276298
5,1,36,0,7.2,0,0,v Pakistan,Gros Islet,23-04-2011,ODI # 3152,Andre Russell,276298
4,0,23,0,5.75,0,0,v Pakistan,Bridgetown,28-04-2011,ODI # 3154,Andre Russell,276298
9,0,59,1,6.55,59,54,v India,North Sound,11-06-2011,ODI # 3161,Andre Russell,276298
7,0,16,3,2.28,5.33,14,v India,North Sound,13-06-2011,ODI # 3162,Andre Russell,276298
8.3,0,35,4,4.11,8.75,12.7,v India,Kingston,16-06-2011,ODI # 3163,Andre Russell,276298
9,0,44,2,4.88,22,27,v Bangladesh,Dhaka,13-10-2011,ODI # 3198,Andre Russell,276298
9,1,50,1,5.55,50,54,v Bangladesh,Dhaka,15-10-2011,ODI # 3200,Andre Russell,276298
9,1,29,2,3.22,14.5,27,v India,Cuttack,29-11-2011,ODI # 3217,Andre Russell,276298
8.1,0,60,0,7.34,0,0,v India,Visakhapatnam,02-12-2011,ODI # 3219,Andre Russell,276298
4,0,25,0,6.25,0,0,v India,Ahmedabad,05-12-2011,ODI # 3221,Andre Russell,276298
7,0,63,1,9,63,42,v India,Indore,08-12-2011,ODI # 3223,Andre Russell,276298
6,0,31,0,5.16,0,0,v India,Chennai,11-12-2011,ODI # 3224,Andre Russell,276298
4,0,21,0,5.25,0,0,v Australia,Kingstown,16-03-2012,ODI # 3262,Andre Russell,276298
6,0,14,0,2.33,0,0,v Australia,Kingstown,18-03-2012,ODI # 3264,Andre Russell,276298
5,0,28,0,5.6,0,0,v Australia,Kingstown,20-03-2012,ODI # 3266,Andre Russell,276298
7,0,34,2,4.85,17,21,v Australia,Gros Islet,23-03-2012,ODI # 3268,Andre Russell,276298
9,0,61,4,6.77,15.25,13.5,v Australia,Gros Islet,25-03-2012,ODI # 3269,Andre Russell,276298
6,0,43,0,7.16,0,0,v England,Southampton,16-06-2012,ODI # 3276,Andre Russell,276298
10,0,45,4,4.5,11.25,15,v New Zealand,Kingston,05-07-2012,ODI # 3283,Andre Russell,276298
9,0,51,1,5.66,51,54,v New Zealand,Kingston,07-07-2012,ODI # 3285,Andre Russell,276298
9,0,57,4,6.33,14.25,13.5,v New Zealand,Basseterre,11-07-2012,ODI # 3288,Andre Russell,276298
6,0,49,1,8.16,49,36,v New Zealand,Basseterre,14-07-2012,ODI # 3289,Andre Russell,276298
4,1,25,0,6.25,0,0,v New Zealand,Basseterre,16-07-2012,ODI # 3290,Andre Russell,276298
7,0,28,1,4,28,42,v Bangladesh,Khulna,30-11-2012,ODI # 3309,Andre Russell,276298
9,0,58,1,6.44,58,54,v Bangladesh,Khulna,02-12-2012,ODI # 3310,Andre Russell,276298
10,0,51,0,5.1,0,0,v Bangladesh,Dhaka,08-12-2012,ODI # 3313,Andre Russell,276298
5,0,41,0,8.2,0,0,v Australia,Canberra,06-02-2013,ODI # 3332,Andre Russell,276298
6,0,40,1,6.66,40,36,v Australia,Sydney,08-02-2013,ODI # 3333,Andre Russell,276298
7,0,24,2,3.42,12,21,v Zimbabwe,St George's,22-02-2013,ODI # 3337,Andre Russell,276298
6,0,29,0,4.83,0,0,v Zimbabwe,St George's,24-02-2013,ODI # 3339,Andre Russell,276298
4,0,31,2,7.75,15.5,12,v New Zealand,Hamilton,08-01-2014,ODI # 3453,Andre Russell,276298
4,0,21,1,5.25,21,24,v India,Kochi,08-10-2014,ODI # 3531,Andre Russell,276298
3,0,14,0,4.66,0,0,v India,Delhi,11-10-2014,ODI # 3533,Andre Russell,276298
7,0,48,1,6.85,48,42,v India,Dharamsala,17-10-2014,ODI # 3535,Andre Russell,276298
10,0,51,2,5.1,25.5,30,v South Africa,Durban,16-01-2015,ODI # 3579,Andre Russell,276298
10,0,78,1,7.8,78,60,v South Africa,Johannesburg,18-01-2015,ODI # 3583,Andre Russell,276298
5,0,15,0,3,0,0,v South Africa,East London,21-01-2015,ODI # 3587,Andre Russell,276298
10,1,60,1,6,60,60,v South Africa,Port Elizabeth,25-01-2015,ODI # 3591,Andre Russell,276298
8,0,85,3,10.62,28.33,16,v South Africa,Centurion,28-01-2015,ODI # 3593,Andre Russell,276298
6,0,33,0,5.5,0,0,v Ireland,Nelson,16-02-2015,ODI # 3603,Andre Russell,276298
8,2,33,3,4.12,11,16,v Pakistan,Christchurch,21-02-2015,ODI # 3608,Andre Russell,276298
5,0,44,0,8.8,0,0,v Zimbabwe,Canberra,24-02-2015,ODI # 3612,Andre Russell,276298
9,0,74,2,8.22,37,27,v South Africa,Sydney,27-02-2015,ODI # 3616,Andre Russell,276298
8,0,43,2,5.37,21.5,24,v India,Perth,06-03-2015,ODI # 3625,Andre Russell,276298
8,3,20,2,2.5,10,24,v U.A.E.,Napier,15-03-2015,ODI # 3638,Andre Russell,276298
10,0,96,2,9.6,48,30,v New Zealand,Wellington,21-03-2015,ODI # 3643,Andre Russell,276298
0.5,0,18,0,21.6,0,0,v Sri Lanka,Colombo (RPS),01-11-2015,ODI # 3701,Andre Russell,276298
9,0,62,1,6.88,62,54,v Bangladesh,Providence,22-07-2018,ODI # 4022,Andre Russell,276298
10,1,29,2,2.9,14.5,30,v Bermuda,King City (NW),20-08-2008,ODI # 2746,Kemar Roach,230553
8,0,49,1,6.12,49,48,v Canada,King City (NW),22-08-2008,ODI # 2749,Kemar Roach,230553
10,0,44,5,4.4,8.8,12,v Bangladesh,Roseau,26-07-2009,ODI # 2862,Kemar Roach,230553
7.5,0,55,1,7.02,55,47,v Bangladesh,Roseau,28-07-2009,ODI # 2863,Kemar Roach,230553
9.5,1,63,4,6.4,15.75,14.7,v Bangladesh,Basseterre,31-07-2009,ODI # 2865,Kemar Roach,230553
10,0,73,2,7.3,36.5,30,v Australia,Johannesburg,26-09-2009,ODI # 2897,Kemar Roach,230553
6,1,27,1,4.5,27,36,v India,Johannesburg,30-09-2009,ODI # 2904,Kemar Roach,230553
10,1,41,1,4.1,41,60,v Australia,Melbourne,07-02-2010,ODI # 2950,Kemar Roach,230553
6,0,44,1,7.33,44,36,v Australia,Adelaide,09-02-2010,ODI # 2952,Kemar Roach,230553
9,0,34,1,3.77,34,54,v Zimbabwe,Providence,04-03-2010,ODI # 2967,Kemar Roach,230553
9.5,0,37,3,3.76,12.33,19.6,v Zimbabwe,Providence,06-03-2010,ODI # 2970,Kemar Roach,230553
9,1,28,3,3.11,9.33,18,v Zimbabwe,Kingstown,10-03-2010,ODI # 2972,Kemar Roach,230553
7.2,0,30,1,4.09,30,44,v Zimbabwe,Kingstown,12-03-2010,ODI # 2974,Kemar Roach,230553
8,0,29,0,3.62,0,0,v Sri Lanka,Colombo (SSC),03-02-2011,ODI # 3096,Kemar Roach,230553
8,0,42,1,5.25,42,48,v South Africa,Delhi,24-02-2011,ODI # 3106,Kemar Roach,230553
8.3,0,27,6,3.17,4.5,8.5,v Netherlands,Delhi,28-02-2011,ODI # 3112,Kemar Roach,230553
6,0,19,3,3.16,6.33,12,v Bangladesh,Dhaka,04-03-2011,ODI # 3118,Kemar Roach,230553
8,0,34,1,4.25,34,48,v Ireland,Mohali,11-03-2011,ODI # 3126,Kemar Roach,230553
9.4,2,34,2,3.51,17,29,v England,Chennai,17-03-2011,ODI # 3135,Kemar Roach,230553
5.5,0,39,0,6.68,0,0,v Pakistan,Dhaka,23-03-2011,ODI # 3142,Kemar Roach,230553
9.3,0,58,0,6.1,0,0,v Pakistan,Gros Islet,23-04-2011,ODI # 3152,Kemar Roach,230553
9,1,43,0,4.77,0,0,v Pakistan,Gros Islet,25-04-2011,ODI # 3153,Kemar Roach,230553
9,0,36,0,4,0,0,v Pakistan,Bridgetown,28-04-2011,ODI # 3154,Kemar Roach,230553
10,0,67,2,6.7,33.5,30,v Pakistan,Bridgetown,02-05-2011,ODI # 3155,Kemar Roach,230553
8.2,0,46,0,5.52,0,0,v India,North Sound,11-06-2011,ODI # 3161,Kemar Roach,230553
8,1,22,0,2.75,0,0,v India,North Sound,13-06-2011,ODI # 3162,Kemar Roach,230553
10,0,52,2,5.2,26,30,v India,Kingston,16-06-2011,ODI # 3163,Kemar Roach,230553
8,0,48,0,6,0,0,v Bangladesh,Dhaka,13-10-2011,ODI # 3198,Kemar Roach,230553
10,1,49,3,4.9,16.33,20,v Bangladesh,Dhaka,15-10-2011,ODI # 3200,Kemar Roach,230553
5,0,16,1,3.2,16,30,v Bangladesh,Chattogram,18-10-2011,ODI # 3202,Kemar Roach,230553
10,0,46,3,4.6,15.33,20,v India,Cuttack,29-11-2011,ODI # 3217,Kemar Roach,230553
10,0,40,2,4,20,30,v India,Visakhapatnam,02-12-2011,ODI # 3219,Kemar Roach,230553
10,0,54,1,5.4,54,60,v India,Ahmedabad,05-12-2011,ODI # 3221,Kemar Roach,230553
10,0,88,1,8.8,88,60,v India,Indore,08-12-2011,ODI # 3223,Kemar Roach,230553
8,0,46,2,5.75,23,24,v India,Chennai,11-12-2011,ODI # 3224,Kemar Roach,230553
10,1,33,2,3.3,16.5,30,v Australia,Kingstown,16-03-2012,ODI # 3262,Kemar Roach,230553
8,3,23,2,2.87,11.5,24,v Australia,Kingstown,18-03-2012,ODI # 3264,Kemar Roach,230553
10,0,42,2,4.2,21,30,v Australia,Kingstown,20-03-2012,ODI # 3266,Kemar Roach,230553
9.3,0,74,2,7.78,37,28.5,v Australia,Gros Islet,23-03-2012,ODI # 3268,Kemar Roach,230553
9,0,53,3,5.88,17.66,18,v Australia,Gros Islet,25-03-2012,ODI # 3269,Kemar Roach,230553
7,0,48,0,6.85,0,0,v Bangladesh,Khulna,30-11-2012,ODI # 3309,Kemar Roach,230553
8,0,29,2,3.62,14.5,24,v Bangladesh,Dhaka,07-12-2012,ODI # 3312,Kemar Roach,230553
9,0,56,5,6.22,11.2,10.8,v Bangladesh,Dhaka,08-12-2012,ODI # 3313,Kemar Roach,230553
2,0,29,0,14.5,0,0,v Australia,Perth,01-02-2013,ODI # 3330,Kemar Roach,230553
10,0,51,1,5.1,51,60,v Australia,Perth,03-02-2013,ODI # 3331,Kemar Roach,230553
9,1,72,1,8,72,54,v Australia,Canberra,06-02-2013,ODI # 3332,Kemar Roach,230553
10,0,52,1,5.2,52,60,v Australia,Melbourne,10-02-2013,ODI # 3334,Kemar Roach,230553
8,1,15,1,1.87,15,48,v Zimbabwe,St George's,22-02-2013,ODI # 3337,Kemar Roach,230553
10,1,63,1,6.3,63,60,v Zimbabwe,St George's,24-02-2013,ODI # 3339,Kemar Roach,230553
7,3,15,0,2.14,0,0,v Zimbabwe,St George's,26-02-2013,ODI # 3340,Kemar Roach,230553
10,4,28,3,2.8,9.33,20,v Pakistan,The Oval,07-06-2013,ODI # 3364,Kemar Roach,230553
6,0,47,0,7.83,0,0,v India,The Oval,11-06-2013,ODI # 3368,Kemar Roach,230553
7,1,41,0,5.85,0,0,v Sri Lanka,Kingston,28-06-2013,ODI # 3378,Kemar Roach,230553
10,2,41,2,4.1,20.5,30,v India,Kingston,30-06-2013,ODI # 3380,Kemar Roach,230553
10,2,69,1,6.9,69,60,v India,Port of Spain,05-07-2013,ODI # 3383,Kemar Roach,230553
8,2,27,4,3.37,6.75,12,v Sri Lanka,Port of Spain,07-07-2013,ODI # 3385,Kemar Roach,230553
10,0,38,2,3.8,19,30,v Pakistan,Providence,14-07-2013,ODI # 3389,Kemar Roach,230553
6,4,14,1,2.33,14,36,v Pakistan,Providence,16-07-2013,ODI # 3390,Kemar Roach,230553
10,1,35,1,3.5,35,60,v Pakistan,Gros Islet,19-07-2013,ODI # 3391,Kemar Roach,230553
6,1,33,1,5.5,33,36,v Pakistan,Gros Islet,21-07-2013,ODI # 3393,Kemar Roach,230553
10,0,48,0,4.8,0,0,v Bangladesh,St George's,20-08-2014,ODI # 3509,Kemar Roach,230553
6,2,19,3,3.16,6.33,12,v Bangladesh,St George's,22-08-2014,ODI # 3511,Kemar Roach,230553
9,0,48,1,5.33,48,54,v Bangladesh,Basseterre,25-08-2014,ODI # 3514,Kemar Roach,230553
6,0,52,0,8.66,0,0,v Ireland,Nelson,16-02-2015,ODI # 3603,Kemar Roach,230553
8,1,44,1,5.5,44,48,v India,Perth,06-03-2015,ODI # 3625,Kemar Roach,230553
8,0,54,0,6.75,0,0,v U.A.E.,Napier,15-03-2015,ODI # 3638,Kemar Roach,230553
10,0,60,1,6,60,60,v U.A.E.,Harare,06-03-2018,ODI # 3987,Kemar Roach,230553
10,3,27,4,2.7,6.75,15,v Ireland,Harare,10-03-2018,ODI # 3993,Kemar Roach,230553
10,0,55,3,5.5,18.33,20,v Zimbabwe,Harare,19-03-2018,ODI # 4002,Kemar Roach,230553
7,2,20,2,2.85,10,21,v Scotland,Harare,21-03-2018,ODI # 4004,Kemar Roach,230553
5,0,24,0,4.8,0,0,v Afghanistan,Harare,25-03-2018,ODI # 4007,Kemar Roach,230553
7,0,52,0,7.42,0,0,v India,Guwahati,21-10-2018,ODI # 4056,Kemar Roach,230553
10,0,67,1,6.7,67,60,v India,Visakhapatnam,24-10-2018,ODI # 4059,Kemar Roach,230553
10,0,48,1,4.8,48,60,v India,Pune,27-10-2018,ODI # 4062,Kemar Roach,230553
10,0,74,2,7.4,37,30,v India,Mumbai (BS),29-10-2018,ODI # 4063,Kemar Roach,230553
5,2,13,0,2.6,0,0,v India,Thiruvananthapuram,01-11-2018,ODI # 4064,Kemar Roach,230553
6,0,35,0,5.83,0,0,v Bangladesh,Dhaka,09-12-2018,ODI # 4071,Kemar Roach,230553
10,0,39,1,3.9,39,60,v Bangladesh,Dhaka,11-12-2018,ODI # 4072,Kemar Roach,230553
3,0,16,0,5.33,0,0,v Bangladesh,Sylhet,14-12-2018,ODI # 4073,Kemar Roach,230553
7,0,28,2,4,14,21,v Ireland,Dublin,05-05-2019,ODI # 4128,Kemar Roach,230553
7,0,30,0,4.28,0,0,v Bangladesh,Dublin,07-05-2019,ODI # 4129,Kemar Roach,230553
10,2,62,0,6.2,0,0,v Ireland,Dublin (Malahide),11-05-2019,ODI # 4132,Kemar Roach,230553
6,0,46,1,7.66,46,36,v Bangladesh,Dublin (Malahide),13-05-2019,ODI # 4134,Kemar Roach,230553
5,0,57,0,11.4,0,0,v Bangladesh,Dublin (Malahide),17-05-2019,ODI # 4137,Kemar Roach,230553
10,1,46,3,4.6,15.33,20,v Sri Lanka,Harare,16-11-2016,ODI # 3805,Ashley Nurse,315594
10,0,55,1,5.5,55,60,v Zimbabwe,Bulawayo,19-11-2016,ODI # 3806,Ashley Nurse,315594
8,0,58,1,7.25,58,48,v Sri Lanka,Bulawayo,23-11-2016,ODI # 3808,Ashley Nurse,315594
10,0,27,3,2.7,9,20,v Zimbabwe,Bulawayo,25-11-2016,ODI # 3809,Ashley Nurse,315594
10,0,57,2,5.7,28.5,30,v England,North Sound,03-03-2017,ODI # 3845,Ashley Nurse,315594
10,0,34,3,3.4,11.33,20,v England,North Sound,05-03-2017,ODI # 3848,Ashley Nurse,315594
8,0,57,1,7.12,57,48,v England,Bridgetown,09-03-2017,ODI # 3849,Ashley Nurse,315594
10,0,62,4,6.2,15.5,15,v Pakistan,Providence,07-04-2017,ODI # 3861,Ashley Nurse,315594
10,0,42,1,4.2,42,60,v Pakistan,Providence,09-04-2017,ODI # 3862,Ashley Nurse,315594
10,0,49,1,4.9,49,60,v Pakistan,Providence,11-04-2017,ODI # 3863,Ashley Nurse,315594
10,1,34,2,3.4,17,30,v Afghanistan,Gros Islet,09-06-2017,ODI # 3884,Ashley Nurse,315594
9.3,0,33,2,3.47,16.5,28.5,v Afghanistan,Gros Islet,11-06-2017,ODI # 3887,Ashley Nurse,315594
4,1,22,0,5.5,0,0,v India,Port of Spain,23-06-2017,ODI # 3895,Ashley Nurse,315594
9,0,38,1,4.22,38,54,v India,Port of Spain,25-06-2017,ODI # 3896,Ashley Nurse,315594
10,0,34,0,3.4,0,0,v India,North Sound,30-06-2017,ODI # 3898,Ashley Nurse,315594
10,0,29,1,2.9,29,60,v India,North Sound,02-07-2017,ODI # 3900,Ashley Nurse,315594
4,0,34,0,8.5,0,0,v India,Kingston,06-07-2017,ODI # 3902,Ashley Nurse,315594
8.5,0,48,0,5.43,0,0,v England,Manchester,19-09-2017,ODI # 3911,Ashley Nurse,315594
8,0,59,1,7.37,59,48,v England,Bristol,24-09-2017,ODI # 3915,Ashley Nurse,315594
3,0,39,0,13,0,0,v England,The Oval,27-09-2017,ODI # 3916,Ashley Nurse,315594
8,0,56,0,7,0,0,v England,Southampton,29-09-2017,ODI # 3918,Ashley Nurse,315594
10,0,55,2,5.5,27.5,30,v New Zealand,Whangarei,20-12-2017,ODI # 3943,Ashley Nurse,315594
10,0,45,0,4.5,0,0,v New Zealand,Christchurch,23-12-2017,ODI # 3944,Ashley Nurse,315594
2,0,26,0,13,0,0,v New Zealand,Christchurch,26-12-2017,ODI # 3945,Ashley Nurse,315594
9,0,61,0,6.77,0,0,v U.A.E.,Harare,06-03-2018,ODI # 3987,Ashley Nurse,315594
6,0,31,1,5.16,31,36,v P.N.G.,Harare,08-03-2018,ODI # 3991,Ashley Nurse,315594
7,0,29,0,4.14,0,0,v Ireland,Harare,10-03-2018,ODI # 3993,Ashley Nurse,315594
9,0,39,1,4.33,39,54,v Afghanistan,Harare,15-03-2018,ODI # 3997,Ashley Nurse,315594
4,0,28,0,7,0,0,v Zimbabwe,Harare,19-03-2018,ODI # 4002,Ashley Nurse,315594
9.2,0,35,2,3.75,17.5,28,v Scotland,Harare,21-03-2018,ODI # 4004,Ashley Nurse,315594
10,2,31,0,3.1,0,0,v Afghanistan,Harare,25-03-2018,ODI # 4007,Ashley Nurse,315594
10,0,39,0,3.9,0,0,v Bangladesh,Providence,22-07-2018,ODI # 4022,Ashley Nurse,315594
10,0,34,1,3.4,34,60,v Bangladesh,Providence,25-07-2018,ODI # 4023,Ashley Nurse,315594
10,1,53,2,5.3,26.5,30,v Bangladesh,Basseterre,28-07-2018,ODI # 4024,Ashley Nurse,315594
7,0,63,0,9,0,0,v India,Guwahati,21-10-2018,ODI # 4056,Ashley Nurse,315594
10,0,46,2,4.6,23,30,v India,Visakhapatnam,24-10-2018,ODI # 4059,Ashley Nurse,315594
10,0,43,2,4.3,21.5,30,v India,Pune,27-10-2018,ODI # 4062,Ashley Nurse,315594
8,0,57,1,7.12,57,48,v India,Mumbai (BS),29-10-2018,ODI # 4063,Ashley Nurse,315594
10,0,69,0,6.9,0,0,v England,Bridgetown,20-02-2019,ODI # 4096,Ashley Nurse,315594
6,0,28,0,4.66,0,0,v England,Bridgetown,22-02-2019,ODI # 4097,Ashley Nurse,315594
10,0,68,1,6.8,68,60,v England,St George's,27-02-2019,ODI # 4099,Ashley Nurse,315594
4,0,24,0,6,0,0,v England,Gros Islet,02-03-2019,ODI # 4103,Ashley Nurse,315594
7.4,0,51,4,6.65,12.75,11.5,v Ireland,Dublin,05-05-2019,ODI # 4128,Ashley Nurse,315594
7,0,46,0,6.57,0,0,v Bangladesh,Dublin,07-05-2019,ODI # 4129,Ashley Nurse,315594
4,0,37,0,9.25,0,0,v Ireland,Dublin (Malahide),11-05-2019,ODI # 4132,Ashley Nurse,315594
10,0,53,3,5.3,17.66,20,v Bangladesh,Dublin (Malahide),13-05-2019,ODI # 4134,Ashley Nurse,315594
3,0,35,0,11.66,0,0,v Bangladesh,Dublin (Malahide),17-05-2019,ODI # 4137,Ashley Nurse,315594
9,1,43,1,4.77,43,54,v Australia,Bridgetown,21-06-2016,ODI # 3752,Shannon Gabriel,446101
5,1,17,3,3.4,5.66,10,v South Africa,Bridgetown,24-06-2016,ODI # 3754,Shannon Gabriel,446101
7,0,58,2,8.28,29,21,v Australia,Bridgetown,26-06-2016,ODI # 3756,Shannon Gabriel,446101
8,0,53,1,6.62,53,48,v Pakistan,Sharjah,30-09-2016,ODI # 3784,Shannon Gabriel,446101
5,0,37,0,7.4,0,0,v Pakistan,Abu Dhabi,05-10-2016,ODI # 3789,Shannon Gabriel,446101
8.1,0,31,3,3.79,10.33,16.3,v Sri Lanka,Harare,16-11-2016,ODI # 3805,Shannon Gabriel,446101
10,0,45,2,4.5,22.5,30,v Zimbabwe,Bulawayo,19-11-2016,ODI # 3806,Shannon Gabriel,446101
5,0,29,1,5.8,29,30,v Sri Lanka,Bulawayo,23-11-2016,ODI # 3808,Shannon Gabriel,446101
10,0,58,2,5.8,29,30,v England,North Sound,03-03-2017,ODI # 3845,Shannon Gabriel,446101
3,0,17,1,5.66,17,18,v England,North Sound,05-03-2017,ODI # 3848,Shannon Gabriel,446101
10,0,69,0,6.9,0,0,v Pakistan,Providence,07-04-2017,ODI # 3861,Shannon Gabriel,446101
10,1,50,2,5,25,30,v Pakistan,Providence,09-04-2017,ODI # 3862,Shannon Gabriel,446101
10,0,60,2,6,30,30,v Pakistan,Providence,11-04-2017,ODI # 3863,Shannon Gabriel,446101
8,2,21,1,2.62,21,48,v Afghanistan,Gros Islet,09-06-2017,ODI # 3884,Shannon Gabriel,446101
7.4,0,25,2,3.26,12.5,23,v Afghanistan,Gros Islet,11-06-2017,ODI # 3887,Shannon Gabriel,446101
10,0,57,0,5.7,0,0,v New Zealand,Whangarei,20-12-2017,ODI # 3943,Shannon Gabriel,446101
10,0,75,0,7.5,0,0,v New Zealand,Christchurch,23-12-2017,ODI # 3944,Shannon Gabriel,446101
4,0,37,0,9.25,0,0,v New Zealand,Christchurch,26-12-2017,ODI # 3945,Shannon Gabriel,446101
8,0,44,3,5.5,14.66,16,v Ireland,Dublin,05-05-2019,ODI # 4128,Shannon Gabriel,446101
10,0,58,1,5.8,58,60,v Bangladesh,Dublin,07-05-2019,ODI # 4129,Shannon Gabriel,446101
10,1,47,2,4.7,23.5,30,v Ireland,Dublin (Malahide),11-05-2019,ODI # 4132,Shannon Gabriel,446101
3,0,30,2,10,15,9,v Bangladesh,Dublin (Malahide),17-05-2019,ODI # 4137,Shannon Gabriel,446101
10,0,52,0,5.2,0,0,v India,Pune,27-10-2018,ODI # 4062,Fabian Allen,670013
8,0,52,0,6.5,0,0,v India,Mumbai (BS),29-10-2018,ODI # 4063,Fabian Allen,670013
1,0,5,0,5,0,0,v India,Thiruvananthapuram,01-11-2018,ODI # 4064,Fabian Allen,670013
4,0,22,0,5.5,0,0,v Bangladesh,Sylhet,14-12-2018,ODI # 4073,Fabian Allen,670013
3,0,19,0,6.33,0,0,v Ireland,Dublin (Malahide),11-05-2019,ODI # 4132,Fabian Allen,670013
3,0,11,0,3.66,0,0,v Bangladesh,Dublin (Malahide),13-05-2019,ODI # 4134,Fabian Allen,670013
4,0,37,1,9.25,37,24,v Bangladesh,Dublin (Malahide),17-05-2019,ODI # 4137,Fabian Allen,670013
6,0,39,2,6.5,19.5,18,v South Africa,Port Elizabeth,25-01-2015,ODI # 3591,Sheldon Cottrell,495551
7,0,68,0,9.71,0,0,v South Africa,Centurion,28-01-2015,ODI # 3593,Sheldon Cottrell,495551
10,0,62,3,6.2,20.66,20,v New Zealand,Christchurch,23-12-2017,ODI # 3944,Sheldon Cottrell,495551
6,0,19,2,3.16,9.5,18,v New Zealand,Christchurch,26-12-2017,ODI # 3945,Sheldon Cottrell,495551
4.4,0,22,0,4.71,0,0,v U.A.E.,Harare,06-03-2018,ODI # 3987,Sheldon Cottrell,495551
9,0,59,1,6.55,59,54,v Bangladesh,Basseterre,28-07-2018,ODI # 4024,Sheldon Cottrell,495551
9,0,46,5,5.11,9.2,10.8,v England,Bridgetown,22-02-2019,ODI # 4097,Sheldon Cottrell,495551
9,0,64,1,7.11,64,54,v England,St George's,27-02-2019,ODI # 4099,Sheldon Cottrell,495551
4,0,23,1,5.75,23,24,v England,Gros Islet,02-03-2019,ODI # 4103,Sheldon Cottrell,495551
6,1,33,1,5.5,33,36,v Ireland,Dublin,05-05-2019,ODI # 4128,Sheldon Cottrell,495551
7,0,47,0,6.71,0,0,v Bangladesh,Dublin,07-05-2019,ODI # 4129,Sheldon Cottrell,495551
10,1,67,1,6.7,67,60,v Ireland,Dublin (Malahide),11-05-2019,ODI # 4132,Sheldon Cottrell,495551
9.2,0,38,0,4.07,0,0,v Bangladesh,Dublin (Malahide),13-05-2019,ODI # 4134,Sheldon Cottrell,495551
5,0,31,0,6.2,0,0,v South Africa,East London,21-01-2015,ODI # 3587,Carlos Brathwaite,457249
10,1,39,0,3.9,0,0,v South Africa,Port Elizabeth,25-01-2015,ODI # 3591,Carlos Brathwaite,457249
9,0,46,0,5.11,0,0,v South Africa,Centurion,28-01-2015,ODI # 3593,Carlos Brathwaite,457249
5,0,35,2,7,17.5,15,v Sri Lanka,Colombo (RPS),01-11-2015,ODI # 3701,Carlos Brathwaite,457249
4,0,35,0,8.75,0,0,v Sri Lanka,Colombo (RPS),04-11-2015,ODI # 3702,Carlos Brathwaite,457249
7,0,40,1,5.71,40,42,v Sri Lanka,Pallekele,07-11-2015,ODI # 3704,Carlos Brathwaite,457249
8,0,35,2,4.37,17.5,24,v South Africa,Providence,03-06-2016,ODI # 3739,Carlos Brathwaite,457249
3,0,14,0,4.66,0,0,v Australia,Providence,05-06-2016,ODI # 3740,Carlos Brathwaite,457249
10,0,60,2,6,30,30,v Australia,Basseterre,13-06-2016,ODI # 3745,Carlos Brathwaite,457249
10,0,69,1,6.9,69,60,v South Africa,Basseterre,15-06-2016,ODI # 3747,Carlos Brathwaite,457249
9,0,62,1,6.88,62,54,v Australia,Bridgetown,21-06-2016,ODI # 3752,Carlos Brathwaite,457249
10,2,39,2,3.9,19.5,30,v South Africa,Bridgetown,24-06-2016,ODI # 3754,Carlos Brathwaite,457249
8,2,32,1,4,32,48,v Australia,Bridgetown,26-06-2016,ODI # 3756,Carlos Brathwaite,457249
10,0,54,3,5.4,18,20,v Pakistan,Sharjah,30-09-2016,ODI # 3784,Carlos Brathwaite,457249
8,0,60,0,7.5,0,0,v Pakistan,Sharjah,02-10-2016,ODI # 3788,Carlos Brathwaite,457249
9,0,34,1,3.77,34,54,v Sri Lanka,Harare,16-11-2016,ODI # 3805,Carlos Brathwaite,457249
10,0,48,4,4.8,12,15,v Zimbabwe,Bulawayo,19-11-2016,ODI # 3806,Carlos Brathwaite,457249
7,0,64,1,9.14,64,42,v Sri Lanka,Bulawayo,23-11-2016,ODI # 3808,Carlos Brathwaite,457249
8,0,52,0,6.5,0,0,v Zimbabwe,Bulawayo,25-11-2016,ODI # 3809,Carlos Brathwaite,457249
10,1,54,0,5.4,0,0,v England,North Sound,03-03-2017,ODI # 3845,Carlos Brathwaite,457249
4,0,38,0,9.5,0,0,v England,North Sound,05-03-2017,ODI # 3848,Carlos Brathwaite,457249
10,0,56,0,5.6,0,0,v England,Bridgetown,09-03-2017,ODI # 3849,Carlos Brathwaite,457249
10,2,27,5,2.7,5.4,12,v P.N.G.,Harare,08-03-2018,ODI # 3991,Carlos Brathwaite,457249
8,0,36,0,4.5,0,0,v Ireland,Harare,10-03-2018,ODI # 3993,Carlos Brathwaite,457249
9,0,39,0,4.33,0,0,v Afghanistan,Harare,15-03-2018,ODI # 3997,Carlos Brathwaite,457249
7,2,27,0,3.85,0,0,v Scotland,Harare,21-03-2018,ODI # 4004,Carlos Brathwaite,457249
6,0,37,0,6.16,0,0,v Afghanistan,Harare,25-03-2018,ODI # 4007,Carlos Brathwaite,457249
9,0,66,0,7.33,0,0,v England,Bridgetown,20-02-2019,ODI # 4096,Carlos Brathwaite,457249
5.4,0,37,1,6.52,37,34,v England,Bridgetown,22-02-2019,ODI # 4097,Carlos Brathwaite,457249
10,0,69,2,6.9,34.5,30,v England,St George's,27-02-2019,ODI # 4099,Carlos Brathwaite,457249
8,1,17,2,2.12,8.5,24,v England,Gros Islet,02-03-2019,ODI # 4103,Carlos Brathwaite,457249
6,0,37,0,6.16,0,0,v India,Toronto,11-09-1999,ODI # 1497,Chris Gayle ,51880
4.5,0,18,2,3.72,9,14.5,v India,Toronto,12-09-1999,ODI # 1498,Chris Gayle ,51880
10,1,41,1,4.1,41,60,v Pakistan,Toronto,18-09-1999,ODI # 1501,Chris Gayle ,51880
9,0,31,0,3.44,0,0,v Pakistan,Toronto,19-09-1999,ODI # 1502,Chris Gayle ,51880
3,0,5,0,1.66,0,0,v Sri Lanka,Sharjah,17-10-1999,ODI # 1515,Chris Gayle ,51880
9,0,55,0,6.11,0,0,v Pakistan,Sharjah,19-10-1999,ODI # 1517,Chris Gayle ,51880
3,0,16,0,5.33,0,0,v Zimbabwe,Kingston,01-04-2000,ODI # 1584,Chris Gayle ,51880
4.3,0,19,1,4.22,19,27,v Pakistan,Kingstown,12-04-2000,ODI # 1588,Chris Gayle ,51880
4,0,23,0,5.75,0,0,v Pakistan,St George's,16-04-2000,ODI # 1592,Chris Gayle ,51880
6,0,26,1,4.33,26,36,v Pakistan,Bridgetown,19-04-2000,ODI # 1593,Chris Gayle ,51880
10,0,28,2,2.8,14,30,v Pakistan,Port of Spain,22-04-2000,ODI # 1594,Chris Gayle ,51880
2,1,2,0,1,0,0,v Pakistan,Port of Spain,23-04-2000,ODI # 1595,Chris Gayle ,51880
8,1,35,0,4.37,0,0,v Zimbabwe,Bristol,06-07-2000,ODI # 1605,Chris Gayle ,51880
10,1,28,2,2.8,14,30,v England,Lord's,09-07-2000,ODI # 1609,Chris Gayle ,51880
10,0,42,1,4.2,42,60,v Zimbabwe,Canterbury,11-07-2000,ODI # 1611,Chris Gayle ,51880
8,0,34,0,4.25,0,0,v England,Chester-le-Street,15-07-2000,ODI # 1615,Chris Gayle ,51880
4,0,27,0,6.75,0,0,v Zimbabwe,Chester-le-Street,16-07-2000,ODI # 1616,Chris Gayle ,51880
6.5,0,21,2,3.07,10.5,20.5,v England,Nottingham,20-07-2000,ODI # 1618,Chris Gayle ,51880
2,0,15,0,7.5,0,0,v South Africa,St John's,02-05-2001,ODI # 1713,Chris Gayle ,51880
5,0,32,1,6.4,32,30,v South Africa,St George's,05-05-2001,ODI # 1714,Chris Gayle ,51880
10,0,38,0,3.8,0,0,v South Africa,St George's,06-05-2001,ODI # 1715,Chris Gayle ,51880
3,0,19,0,6.33,0,0,v South Africa,Bridgetown,09-05-2001,ODI # 1716,Chris Gayle ,51880
6,0,30,1,5,30,36,v India,Harare,04-07-2001,ODI # 1733,Chris Gayle ,51880
9,0,54,2,6,27,27,v India,Harare,07-07-2001,ODI # 1734,Chris Gayle ,51880
7.3,2,23,1,3.06,23,45,v Kenya,Nairobi,15-08-2001,ODI # 1745,Chris Gayle ,51880
3.1,1,9,1,2.84,9,19,v Kenya,Nairobi (Gym),18-08-2001,ODI # 1746,Chris Gayle ,51880
9,0,58,2,6.44,29,27,v Kenya,Nairobi (Gym),19-08-2001,ODI # 1747,Chris Gayle ,51880
7,1,32,1,4.57,32,42,v Sri Lanka,Colombo (RPS),11-12-2001,ODI # 1778,Chris Gayle ,51880
3,0,18,0,6,0,0,v Sri Lanka,Kandy,15-12-2001,ODI # 1780,Chris Gayle ,51880
5,0,23,1,4.6,23,30,v Zimbabwe,Kandy,16-12-2001,ODI # 1781,Chris Gayle ,51880
10,0,48,0,4.8,0,0,v Sri Lanka,Colombo (RPS),19-12-2001,ODI # 1782,Chris Gayle ,51880
3,0,10,0,3.33,0,0,v Pakistan,Sharjah,15-02-2002,ODI # 1808,Chris Gayle ,51880
4.2,0,19,4,4.38,4.75,6.5,v Pakistan,Sharjah,17-02-2002,ODI # 1810,Chris Gayle ,51880
8,0,34,1,4.25,34,48,v India,Bridgetown,29-05-2002,ODI # 1836,Chris Gayle ,51880
5,0,26,3,5.2,8.66,10,v India,Port of Spain,02-06-2002,ODI # 1838,Chris Gayle ,51880
9.4,3,26,3,2.68,8.66,19.3,v New Zealand,Kingston,05-06-2002,ODI # 1839,Chris Gayle ,51880
10,0,48,1,4.8,48,60,v New Zealand,Gros Islet,08-06-2002,ODI # 1840,Chris Gayle ,51880
10,1,34,2,3.4,17,30,v New Zealand,Gros Islet,09-06-2002,ODI # 1841,Chris Gayle ,51880
7.2,0,30,2,4.09,15,22,v New Zealand,Port of Spain,12-06-2002,ODI # 1843,Chris Gayle ,51880
10,0,54,4,5.4,13.5,15,v New Zealand,Kingstown,16-06-2002,ODI # 1845,Chris Gayle ,51880
3,0,21,0,7,0,0,v South Africa,Colombo (SSC),13-09-2002,ODI # 1875,Chris Gayle ,51880
9,0,38,2,4.22,19,27,v Kenya,Colombo (SSC),17-09-2002,ODI # 1879,Chris Gayle ,51880
2,0,16,0,8,0,0,v India,Jamshedpur,06-11-2002,ODI # 1893,Chris Gayle ,51880
5,0,34,1,6.8,34,30,v India,Nagpur,09-11-2002,ODI # 1894,Chris Gayle ,51880
1,0,18,0,18,0,0,v India,Rajkot,12-11-2002,ODI # 1895,Chris Gayle ,51880
1,0,15,0,15,0,0,v India,Ahmedabad,15-11-2002,ODI # 1896,Chris Gayle ,51880
8,0,44,0,5.5,0,0,v India,Vadodara,18-11-2002,ODI # 1897,Chris Gayle ,51880
4,0,28,0,7,0,0,v India,Jodhpur,21-11-2002,ODI # 1898,Chris Gayle ,51880
6.5,0,22,3,3.21,7.33,13.6,v India,Vijayawada,24-11-2002,ODI # 1900,Chris Gayle ,51880
1,0,2,0,2,0,0,v Bangladesh,Chittagong,29-11-2002,ODI # 1904,Chris Gayle ,51880
8,1,38,0,4.75,0,0,v Bangladesh,Dhaka,02-12-2002,ODI # 1909,Chris Gayle ,51880
10,2,37,3,3.7,12.33,20,v Bangladesh,Dhaka,03-12-2002,ODI # 1910,Chris Gayle ,51880
10,1,60,2,6,30,30,v South Africa,Cape Town,09-02-2003,ODI # 1942,Chris Gayle ,51880
5,0,37,1,7.4,37,30,v New Zealand,Port Elizabeth,13-02-2003,ODI # 1949,Chris Gayle ,51880
9,1,29,0,3.22,0,0,v Canada,Centurion,23-02-2003,ODI # 1963,Chris Gayle ,51880
10,0,42,1,4.2,42,60,v Sri Lanka,Cape Town,28-02-2003,ODI # 1973,Chris Gayle ,51880
9,0,42,1,4.66,42,54,v Australia,Kingston,17-05-2003,ODI # 2011,Chris Gayle ,51880
6,0,28,0,4.66,0,0,v Australia,Kingston,18-05-2003,ODI # 2013,Chris Gayle ,51880
10,0,50,1,5,50,60,v Australia,Gros Islet,21-05-2003,ODI # 2016,Chris Gayle ,51880
10,0,52,0,5.2,0,0,v Australia,Port of Spain,24-05-2003,ODI # 2018,Chris Gayle ,51880
10,0,44,1,4.4,44,60,v Australia,Port of Spain,25-05-2003,ODI # 2019,Chris Gayle ,51880
10,1,37,3,3.7,12.33,20,v Australia,St George's,30-05-2003,ODI # 2020,Chris Gayle ,51880
10,0,46,5,4.6,9.2,12,v Australia,St George's,01-06-2003,ODI # 2021,Chris Gayle ,51880
2,0,16,0,8,0,0,v Sri Lanka,Bridgetown,07-06-2003,ODI # 2022,Chris Gayle ,51880
5,0,40,0,8,0,0,v Sri Lanka,Bridgetown,08-06-2003,ODI # 2023,Chris Gayle ,51880
6,0,29,1,4.83,29,36,v Sri Lanka,Kingstown,11-06-2003,ODI # 2024,Chris Gayle ,51880
10,1,21,2,2.1,10.5,30,v Zimbabwe,Bulawayo,22-11-2003,ODI # 2065,Chris Gayle ,51880
3,1,16,0,5.33,0,0,v Zimbabwe,Bulawayo,23-11-2003,ODI # 2066,Chris Gayle ,51880
2,0,10,0,5,0,0,v Zimbabwe,Harare,26-11-2003,ODI # 2067,Chris Gayle ,51880
7,2,17,1,2.42,17,42,v Zimbabwe,Harare,29-11-2003,ODI # 2069,Chris Gayle ,51880
10,1,24,4,2.4,6,15,v Zimbabwe,Harare,30-11-2003,ODI # 2070,Chris Gayle ,51880
9,0,46,0,5.11,0,0,v South Africa,Cape Town,25-01-2004,ODI # 2088,Chris Gayle ,51880
6,1,24,1,4,24,36,v South Africa,Port Elizabeth,28-01-2004,ODI # 2090,Chris Gayle ,51880
10,0,53,1,5.3,53,60,v South Africa,Centurion,01-02-2004,ODI # 2094,Chris Gayle ,51880
9.4,0,61,1,6.31,61,58,v South Africa,Johannesburg,04-02-2004,ODI # 2096,Chris Gayle ,51880
5.3,0,20,3,3.63,6.66,11,v England,Georgetown,18-04-2004,ODI # 2118,Chris Gayle ,51880
9,0,33,1,3.66,33,54,v England,Gros Islet,01-05-2004,ODI # 2125,Chris Gayle ,51880
10,0,39,2,3.9,19.5,30,v England,Gros Islet,02-05-2004,ODI # 2126,Chris Gayle ,51880
8,0,28,1,3.5,28,48,v England,Bridgetown,05-05-2004,ODI # 2127,Chris Gayle ,51880
7,0,30,0,4.28,0,0,v Bangladesh,Kingstown,15-05-2004,ODI # 2128,Chris Gayle ,51880
5,0,26,0,5.2,0,0,v Bangladesh,Kingstown,16-05-2004,ODI # 2129,Chris Gayle ,51880
1,0,7,0,7,0,0,v New Zealand,Birmingham,26-06-2004,ODI # 2134,Chris Gayle ,51880
3,0,11,0,3.66,0,0,v New Zealand,Cardiff,03-07-2004,ODI # 2138,Chris Gayle ,51880
10,0,57,3,5.7,19,20,v England,Lord's,06-07-2004,ODI # 2140,Chris Gayle ,51880
10,0,48,1,4.8,48,60,v New Zealand,Lord's,10-07-2004,ODI # 2142,Chris Gayle ,51880
4.3,0,12,2,2.66,6,13.5,v Bangladesh,Southampton,15-09-2004,ODI # 2175,Chris Gayle ,51880
10,0,50,3,5,16.66,20,v South Africa,The Oval,18-09-2004,ODI # 2178,Chris Gayle ,51880
1.2,0,11,1,8.25,11,8,v Pakistan,Southampton,22-09-2004,ODI # 2181,Chris Gayle ,51880
9.4,0,52,1,5.37,52,58,v England,The Oval,25-09-2004,ODI # 2182,Chris Gayle ,51880
1.5,0,16,0,8.72,0,0,v Asia XI,Melbourne,10-01-2005,ODI # 2203,Chris Gayle ,51880
3,0,21,0,7,0,0,v Australia,Melbourne,14-01-2005,ODI # 2204,Chris Gayle ,51880
4,0,35,0,8.75,0,0,v Pakistan,Adelaide,28-01-2005,ODI # 2213,Chris Gayle ,51880
5,0,51,0,10.2,0,0,v Pakistan,Perth,01-02-2005,ODI # 2218,Chris Gayle ,51880
7,0,33,0,4.71,0,0,v South Africa,Kingston,07-05-2005,ODI # 2241,Chris Gayle ,51880
2,0,19,0,9.5,0,0,v South Africa,Bridgetown,11-05-2005,ODI # 2243,Chris Gayle ,51880
5,0,31,1,6.2,31,30,v South Africa,Port of Spain,14-05-2005,ODI # 2244,Chris Gayle ,51880
3,0,24,0,8,0,0,v South Africa,Port of Spain,15-05-2005,ODI # 2245,Chris Gayle ,51880
10,0,48,3,4.8,16,20,v Pakistan,Kingstown,18-05-2005,ODI # 2246,Chris Gayle ,51880
10,0,50,1,5,50,60,v Pakistan,Gros Islet,21-05-2005,ODI # 2247,Chris Gayle ,51880
10,0,54,0,5.4,0,0,v Pakistan,Gros Islet,22-05-2005,ODI # 2248,Chris Gayle ,51880
6,0,42,0,7,0,0,v Australia,Melbourne (Docklands),09-10-2005,ODI # 2284,Chris Gayle ,51880
10,1,42,2,4.2,21,30,v New Zealand,Wellington,18-02-2006,ODI # 2332,Chris Gayle ,51880
8,0,38,0,4.75,0,0,v New Zealand,Queenstown,22-02-2006,ODI # 2335,Chris Gayle ,51880
9,0,70,1,7.77,70,54,v New Zealand,Christchurch,25-02-2006,ODI # 2337,Chris Gayle ,51880
10,0,50,3,5,16.66,20,v New Zealand,Napier,01-03-2006,ODI # 2342,Chris Gayle ,51880
10,0,36,0,3.6,0,0,v New Zealand,Auckland,04-03-2006,ODI # 2346,Chris Gayle ,51880
7,0,30,2,4.28,15,21,v Zimbabwe,St John's,29-04-2006,ODI # 2368,Chris Gayle ,51880
9.2,2,21,2,2.25,10.5,28,v Zimbabwe,St John's,30-04-2006,ODI # 2369,Chris Gayle ,51880
8,1,24,1,3,24,48,v Zimbabwe,Gros Islet,10-05-2006,ODI # 2371,Chris Gayle ,51880
2.1,0,14,0,6.46,0,0,v Zimbabwe,Port of Spain,13-05-2006,ODI # 2372,Chris Gayle ,51880
10,2,17,1,1.7,17,60,v Zimbabwe,Port of Spain,14-05-2006,ODI # 2373,Chris Gayle ,51880
3,0,16,0,5.33,0,0,v India,Kingston,18-05-2006,ODI # 2377,Chris Gayle ,51880
10,0,33,1,3.3,33,60,v India,Kingston,20-05-2006,ODI # 2379,Chris Gayle ,51880
10,0,35,0,3.5,0,0,v India,Basseterre,23-05-2006,ODI # 2380,Chris Gayle ,51880
6,0,28,0,4.66,0,0,v India,Port of Spain,26-05-2006,ODI # 2381,Chris Gayle ,51880
10,0,44,1,4.4,44,60,v India,Port of Spain,28-05-2006,ODI # 2382,Chris Gayle ,51880
8,1,37,0,4.62,0,0,v Australia,Kuala Lumpur,12-09-2006,ODI # 2413,Chris Gayle ,51880
10,0,46,1,4.6,46,60,v India,Kuala Lumpur,14-09-2006,ODI # 2414,Chris Gayle ,51880
7,0,46,0,6.57,0,0,v Australia,Kuala Lumpur,18-09-2006,ODI # 2417,Chris Gayle ,51880
5.3,0,13,2,2.36,6.5,16.5,v India,Kuala Lumpur,20-09-2006,ODI # 2419,Chris Gayle ,51880
9,0,46,1,5.11,46,54,v Australia,Kuala Lumpur,24-09-2006,ODI # 2422,Chris Gayle ,51880
3.1,1,3,3,0.94,1,6.3,v Zimbabwe,Ahmedabad,08-10-2006,ODI # 2424,Chris Gayle ,51880
8,0,25,1,3.12,25,48,v Bangladesh,Jaipur,11-10-2006,ODI # 2426,Chris Gayle ,51880
10,0,39,1,3.9,39,60,v Australia,Mumbai (BS),18-10-2006,ODI # 2432,Chris Gayle ,51880
4,0,34,0,8.5,0,0,v India,Ahmedabad,26-10-2006,ODI # 2437,Chris Gayle ,51880
10,1,31,3,3.1,10.33,20,v England,Ahmedabad,28-10-2006,ODI # 2439,Chris Gayle ,51880
10,0,48,0,4.8,0,0,v South Africa,Jaipur,02-11-2006,ODI # 2442,Chris Gayle ,51880
1,0,5,0,5,0,0,v Australia,Mumbai (BS),05-11-2006,ODI # 2443,Chris Gayle ,51880
8,0,26,0,3.25,0,0,v Pakistan,Faisalabad,07-12-2006,ODI # 2460,Chris Gayle ,51880
6,0,32,2,5.33,16,18,v Pakistan,Lahore,10-12-2006,ODI # 2463,Chris Gayle ,51880
8,0,41,1,5.12,41,48,v Pakistan,Karachi,16-12-2006,ODI # 2466,Chris Gayle ,51880
9,1,51,2,5.66,25.5,27,v India,Nagpur,21-01-2007,ODI # 2480,Chris Gayle ,51880
1,0,13,0,13,0,0,v India,Cuttack,24-01-2007,ODI # 2485,Chris Gayle ,51880
10,0,57,2,5.7,28.5,30,v India,Chennai,27-01-2007,ODI # 2487,Chris Gayle ,51880
8,0,34,1,4.25,34,48,v India,Vadodara,31-01-2007,ODI # 2493,Chris Gayle ,51880
10,1,32,0,3.2,0,0,v Zimbabwe,Kingston,19-03-2007,ODI # 2543,Chris Gayle ,51880
10,0,23,2,2.3,11.5,30,v Ireland,Kingston,23-03-2007,ODI # 2551,Chris Gayle ,51880
4,0,29,0,7.25,0,0,v Australia,North Sound,27-03-2007,ODI # 2555,Chris Gayle ,51880
6.2,0,35,0,5.52,0,0,v New Zealand,North Sound,29-03-2007,ODI # 2557,Chris Gayle ,51880
9,0,60,0,6.66,0,0,v Sri Lanka,Providence,01-04-2007,ODI # 2560,Chris Gayle ,51880
6,0,42,1,7,42,36,v South Africa,St George's,10-04-2007,ODI # 2567,Chris Gayle ,51880
8.5,0,28,2,3.16,14,26.5,v Bangladesh,Bridgetown,19-04-2007,ODI # 2576,Chris Gayle ,51880
5,0,32,0,6.4,0,0,v England,Bridgetown,21-04-2007,ODI # 2578,Chris Gayle ,51880
2,0,11,0,5.5,0,0,v England,Nottingham,07-07-2007,ODI # 2598,Chris Gayle ,51880
2,0,13,1,6.5,13,12,v Scotland,Dublin,12-07-2007,ODI # 2601,Chris Gayle ,51880
6,0,35,2,5.83,17.5,18,v Zimbabwe,Harare,30-11-2007,ODI # 2649,Chris Gayle ,51880
1,0,6,0,6,0,0,v Sri Lanka,Port of Spain,10-04-2008,ODI # 2697,Chris Gayle ,51880
1.3,0,6,2,4,3,4.5,v Sri Lanka,Port of Spain,12-04-2008,ODI # 2699,Chris Gayle ,51880
10,0,41,2,4.1,20.5,30,v Sri Lanka,Gros Islet,15-04-2008,ODI # 2701,Chris Gayle ,51880
10,0,55,1,5.5,55,60,v Australia,Kingstown,24-06-2008,ODI # 2713,Chris Gayle ,51880
3,0,16,0,5.33,0,0,v Australia,St George's,27-06-2008,ODI # 2719,Chris Gayle ,51880
5,0,26,1,5.2,26,30,v Australia,St George's,29-06-2008,ODI # 2724,Chris Gayle ,51880
6,1,25,1,4.16,25,36,v Australia,Basseterre,04-07-2008,ODI # 2734,Chris Gayle ,51880
2,0,33,0,16.5,0,0,v Australia,Basseterre,06-07-2008,ODI # 2736,Chris Gayle ,51880
2,0,13,0,6.5,0,0,v Canada,King City (NW),22-08-2008,ODI # 2749,Chris Gayle ,51880
6,0,33,0,5.5,0,0,v Pakistan,Abu Dhabi,12-11-2008,ODI # 2773,Chris Gayle ,51880
10,0,44,0,4.4,0,0,v Pakistan,Abu Dhabi,14-11-2008,ODI # 2775,Chris Gayle ,51880
10,0,50,1,5,50,60,v Pakistan,Abu Dhabi,16-11-2008,ODI # 2776,Chris Gayle ,51880
3,0,28,1,9.33,28,18,v New Zealand,Christchurch,03-01-2009,ODI # 2787,Chris Gayle ,51880
0.3,0,11,0,22,0,0,v New Zealand,Wellington,07-01-2009,ODI # 2788,Chris Gayle ,51880
4,0,29,0,7.25,0,0,v New Zealand,Auckland,10-01-2009,ODI # 2789,Chris Gayle ,51880
3,0,14,0,4.66,0,0,v England,Providence,20-03-2009,ODI # 2826,Chris Gayle ,51880
1,0,5,0,5,0,0,v England,Providence,22-03-2009,ODI # 2827,Chris Gayle ,51880
1,0,3,0,3,0,0,v England,Gros Islet,03-04-2009,ODI # 2833,Chris Gayle ,51880
5,0,31,0,6.2,0,0,v England,Birmingham,26-05-2009,ODI # 2851,Chris Gayle ,51880
3,0,28,0,9.33,0,0,v India,Kingston,26-06-2009,ODI # 2852,Chris Gayle ,51880
3,0,13,0,4.33,0,0,v India,Kingston,28-06-2009,ODI # 2853,Chris Gayle ,51880
2,0,11,0,5.5,0,0,v India,Gros Islet,03-07-2009,ODI # 2854,Chris Gayle ,51880
6,0,32,1,5.33,32,36,v Australia,Melbourne,07-02-2010,ODI # 2950,Chris Gayle ,51880
1,0,7,0,7,0,0,v Australia,Sydney,12-02-2010,ODI # 2954,Chris Gayle ,51880
1,0,9,0,9,0,0,v Australia,Brisbane,14-02-2010,ODI # 2955,Chris Gayle ,51880
3,0,17,0,5.66,0,0,v Australia,Melbourne,19-02-2010,ODI # 2960,Chris Gayle ,51880
10,0,25,1,2.5,25,60,v Zimbabwe,Providence,06-03-2010,ODI # 2970,Chris Gayle ,51880
5,0,27,0,5.4,0,0,v South Africa,North Sound,22-05-2010,ODI # 2979,Chris Gayle ,51880
7.1,0,41,0,5.72,0,0,v South Africa,North Sound,24-05-2010,ODI # 2980,Chris Gayle ,51880
10,0,60,1,6,60,60,v South Africa,Roseau,30-05-2010,ODI # 2984,Chris Gayle ,51880
10,1,38,2,3.8,19,30,v South Africa,Port of Spain,03-06-2010,ODI # 2987,Chris Gayle ,51880
4,0,18,0,4.5,0,0,v Sri Lanka,Colombo (SSC),03-02-2011,ODI # 3096,Chris Gayle ,51880
10,0,34,0,3.4,0,0,v Sri Lanka,Colombo (SSC),06-02-2011,ODI # 3099,Chris Gayle ,51880
6,0,26,0,4.33,0,0,v South Africa,Delhi,24-02-2011,ODI # 3106,Chris Gayle ,51880
10,1,36,1,3.6,36,60,v Bangladesh,Dhaka,05-12-2012,ODI # 3311,Chris Gayle ,51880
5,0,36,0,7.2,0,0,v Australia,Canberra,06-02-2013,ODI # 3332,Chris Gayle ,51880
1,0,11,0,11,0,0,v India,The Oval,11-06-2013,ODI # 3368,Chris Gayle ,51880
4,0,19,1,4.75,19,24,v Bangladesh,St George's,20-08-2014,ODI # 3509,Chris Gayle ,51880
8,0,58,0,7.25,0,0,v Bangladesh,Basseterre,25-08-2014,ODI # 3514,Chris Gayle ,51880
0.4,0,5,0,7.5,0,0,v South Africa,East London,21-01-2015,ODI # 3587,Chris Gayle ,51880
1,0,4,0,4,0,0,v South Africa,Port Elizabeth,25-01-2015,ODI # 3591,Chris Gayle ,51880
8,0,41,1,5.12,41,48,v Ireland,Nelson,16-02-2015,ODI # 3603,Chris Gayle ,51880
6,0,35,2,5.83,17.5,18,v Zimbabwe,Canberra,24-02-2015,ODI # 3612,Chris Gayle ,51880
4,0,21,2,5.25,10.5,12,v South Africa,Sydney,27-02-2015,ODI # 3616,Chris Gayle ,51880
2,0,14,0,7,0,0,v Zimbabwe,Harare,19-03-2018,ODI # 4002,Chris Gayle ,51880
5.4,0,38,2,6.7,19,17,v Afghanistan,Harare,25-03-2018,ODI # 4007,Chris Gayle ,51880
7,0,26,0,3.71,0,0,v Bangladesh,Providence,25-07-2018,ODI # 4023,Chris Gayle ,51880
2,0,14,0,7,0,0,v Bangladesh,Basseterre,28-07-2018,ODI # 4024,Chris Gayle ,51880
2,0,15,0,7.5,0,0,v England,Bridgetown,22-02-2019,ODI # 4097,Chris Gayle ,51880
4.2,0,18,1,4.15,18,26,v Australia,Perth,01-02-2013,ODI # 3330,Jason Holder ,391485
10,1,56,1,5.6,56,60,v Australia,Perth,03-02-2013,ODI # 3331,Jason Holder ,391485
8,0,50,2,6.25,25,24,v Sri Lanka,Port of Spain,07-07-2013,ODI # 3385,Jason Holder ,391485
10,4,13,4,1.3,3.25,15,v Pakistan,Providence,14-07-2013,ODI # 3389,Jason Holder ,391485
7,2,30,0,4.28,0,0,v Pakistan,Providence,16-07-2013,ODI # 3390,Jason Holder ,391485
10,0,40,2,4,20,30,v Pakistan,Gros Islet,19-07-2013,ODI # 3391,Jason Holder ,391485
5,0,41,1,8.2,41,30,v Pakistan,Gros Islet,21-07-2013,ODI # 3393,Jason Holder ,391485
9.5,0,47,1,4.77,47,59,v Pakistan,Gros Islet,24-07-2013,ODI # 3396,Jason Holder ,391485
8,0,48,2,6,24,24,v India,Kochi,21-11-2013,ODI # 3436,Jason Holder ,391485
10,0,63,1,6.3,63,60,v India,Visakhapatnam,24-11-2013,ODI # 3437,Jason Holder ,391485
6,0,47,0,7.83,0,0,v India,Kanpur,27-11-2013,ODI # 3439,Jason Holder ,391485
7.1,1,21,2,2.93,10.5,21.5,v New Zealand,Auckland,26-12-2013,ODI # 3449,Jason Holder ,391485
4,0,48,2,12,24,12,v New Zealand,Queenstown,01-01-2014,ODI # 3451,Jason Holder ,391485
10,2,58,1,5.8,58,60,v New Zealand,Nelson,04-01-2014,ODI # 3452,Jason Holder ,391485
5,0,35,2,7,17.5,15,v New Zealand,Hamilton,08-01-2014,ODI # 3453,Jason Holder ,391485
9,1,34,3,3.77,11.33,18,v Ireland,Kingston,23-02-2014,ODI # 3472,Jason Holder ,391485
4,0,27,0,6.75,0,0,v England,North Sound,28-02-2014,ODI # 3477,Jason Holder ,391485
9,0,39,1,4.33,39,54,v Bangladesh,St George's,20-08-2014,ODI # 3509,Jason Holder ,391485
6,0,17,1,2.83,17,36,v Bangladesh,St George's,22-08-2014,ODI # 3511,Jason Holder ,391485
8,0,47,1,5.87,47,48,v Bangladesh,Basseterre,25-08-2014,ODI # 3514,Jason Holder ,391485
9,0,52,1,5.77,52,54,v India,Dharamsala,17-10-2014,ODI # 3535,Jason Holder ,391485
9,1,52,1,5.77,52,54,v South Africa,Durban,16-01-2015,ODI # 3579,Jason Holder ,391485
9,0,91,0,10.11,0,0,v South Africa,Johannesburg,18-01-2015,ODI # 3583,Jason Holder ,391485
5,1,14,1,2.8,14,30,v South Africa,East London,21-01-2015,ODI # 3587,Jason Holder ,391485
10,1,53,4,5.3,13.25,15,v South Africa,Port Elizabeth,25-01-2015,ODI # 3591,Jason Holder ,391485
9,0,77,2,8.55,38.5,27,v South Africa,Centurion,28-01-2015,ODI # 3593,Jason Holder ,391485
9,1,44,0,4.88,0,0,v Ireland,Nelson,16-02-2015,ODI # 3603,Jason Holder ,391485
7,2,23,1,3.28,23,42,v Pakistan,Christchurch,21-02-2015,ODI # 3608,Jason Holder ,391485
7,0,48,3,6.85,16,14,v Zimbabwe,Canberra,24-02-2015,ODI # 3612,Jason Holder ,391485
10,2,104,1,10.4,104,60,v South Africa,Sydney,27-02-2015,ODI # 3616,Jason Holder ,391485
7,0,29,0,4.14,0,0,v India,Perth,06-03-2015,ODI # 3625,Jason Holder ,391485
10,1,27,4,2.7,6.75,15,v U.A.E.,Napier,15-03-2015,ODI # 3638,Jason Holder ,391485
8,0,76,0,9.5,0,0,v New Zealand,Wellington,21-03-2015,ODI # 3643,Jason Holder ,391485
5,1,29,0,5.8,0,0,v Sri Lanka,Colombo (RPS),01-11-2015,ODI # 3701,Jason Holder ,391485
7,0,44,2,6.28,22,21,v Sri Lanka,Pallekele,07-11-2015,ODI # 3704,Jason Holder ,391485
10,1,37,1,3.7,37,60,v South Africa,Providence,03-06-2016,ODI # 3739,Jason Holder ,391485
3,0,21,1,7,21,18,v Australia,Providence,05-06-2016,ODI # 3740,Jason Holder ,391485
10,0,44,2,4.4,22,30,v Australia,Basseterre,13-06-2016,ODI # 3745,Jason Holder ,391485
6,0,51,0,8.5,0,0,v South Africa,Basseterre,15-06-2016,ODI # 3747,Jason Holder ,391485
2,0,20,0,10,0,0,v Australia,Bridgetown,21-06-2016,ODI # 3752,Jason Holder ,391485
10,1,33,1,3.3,33,60,v South Africa,Bridgetown,24-06-2016,ODI # 3754,Jason Holder ,391485
10,1,51,2,5.1,25.5,30,v Australia,Bridgetown,26-06-2016,ODI # 3756,Jason Holder ,391485
7,0,35,1,5,35,42,v Pakistan,Sharjah,30-09-2016,ODI # 3784,Jason Holder ,391485
8,1,51,2,6.37,25.5,24,v Pakistan,Sharjah,02-10-2016,ODI # 3788,Jason Holder ,391485
10,0,63,1,6.3,63,60,v Pakistan,Abu Dhabi,05-10-2016,ODI # 3789,Jason Holder ,391485
8,0,16,2,2,8,24,v Sri Lanka,Harare,16-11-2016,ODI # 3805,Jason Holder ,391485
10,0,47,2,4.7,23.5,30,v Zimbabwe,Bulawayo,19-11-2016,ODI # 3806,Jason Holder ,391485
10,0,57,3,5.7,19,20,v Sri Lanka,Bulawayo,23-11-2016,ODI # 3808,Jason Holder ,391485
10,0,58,2,5.8,29,30,v Zimbabwe,Bulawayo,25-11-2016,ODI # 3809,Jason Holder ,391485
9,1,46,0,5.11,0,0,v England,North Sound,03-03-2017,ODI # 3845,Jason Holder ,391485
10,0,46,0,4.6,0,0,v England,North Sound,05-03-2017,ODI # 3848,Jason Holder ,391485
10,1,41,3,4.1,13.66,20,v England,Bridgetown,09-03-2017,ODI # 3849,Jason Holder ,391485
10,0,58,1,5.8,58,60,v Pakistan,Providence,07-04-2017,ODI # 3861,Jason Holder ,391485
9,0,48,0,5.33,0,0,v Pakistan,Providence,09-04-2017,ODI # 3862,Jason Holder ,391485
8.1,1,37,1,4.53,37,49,v Pakistan,Providence,11-04-2017,ODI # 3863,Jason Holder ,391485
10,0,65,1,6.5,65,60,v Afghanistan,Gros Islet,09-06-2017,ODI # 3884,Jason Holder ,391485
9,1,38,2,4.22,19,27,v Afghanistan,Gros Islet,11-06-2017,ODI # 3887,Jason Holder ,391485
8,0,34,1,4.25,34,48,v India,Port of Spain,23-06-2017,ODI # 3895,Jason Holder ,391485
8.5,0,76,1,8.6,76,53,v India,Port of Spain,25-06-2017,ODI # 3896,Jason Holder ,391485
10,1,53,1,5.3,53,60,v India,North Sound,30-06-2017,ODI # 3898,Jason Holder ,391485
9.4,2,27,5,2.79,5.4,11.6,v India,North Sound,02-07-2017,ODI # 3900,Jason Holder ,391485
8,1,35,0,4.37,0,0,v India,Kingston,06-07-2017,ODI # 3902,Jason Holder ,391485
3,0,18,0,6,0,0,v England,Manchester,19-09-2017,ODI # 3911,Jason Holder ,391485
1.2,0,11,0,8.25,0,0,v England,Nottingham,21-09-2017,ODI # 3913,Jason Holder ,391485
10,0,81,2,8.1,40.5,30,v England,Bristol,24-09-2017,ODI # 3915,Jason Holder ,391485
9,0,52,0,5.77,0,0,v England,The Oval,27-09-2017,ODI # 3916,Jason Holder ,391485
9,1,52,2,5.77,26,27,v New Zealand,Whangarei,20-12-2017,ODI # 3943,Jason Holder ,391485
10,0,52,2,5.2,26,30,v New Zealand,Christchurch,23-12-2017,ODI # 3944,Jason Holder ,391485
6,2,21,1,3.5,21,36,v New Zealand,Christchurch,26-12-2017,ODI # 3945,Jason Holder ,391485
10,1,53,5,5.3,10.6,12,v U.A.E.,Harare,06-03-2018,ODI # 3987,Jason Holder ,391485
8,0,47,0,5.87,0,0,v P.N.G.,Harare,08-03-2018,ODI # 3991,Jason Holder ,391485
10,0,49,2,4.9,24.5,30,v Ireland,Harare,10-03-2018,ODI # 3993,Jason Holder ,391485
10,0,39,3,3.9,13,20,v Afghanistan,Harare,15-03-2018,ODI # 3997,Jason Holder ,391485
10,0,35,4,3.5,8.75,15,v Zimbabwe,Harare,19-03-2018,ODI # 4002,Jason Holder ,391485
7,0,31,1,4.42,31,42,v Scotland,Harare,21-03-2018,ODI # 4004,Jason Holder ,391485
6,0,45,0,7.5,0,0,v Afghanistan,Harare,25-03-2018,ODI # 4007,Jason Holder ,391485
9,0,47,1,5.22,47,54,v Bangladesh,Providence,22-07-2018,ODI # 4022,Jason Holder ,391485
10,0,66,1,6.6,66,60,v Bangladesh,Providence,25-07-2018,ODI # 4023,Jason Holder ,391485
10,0,55,2,5.5,27.5,30,v Bangladesh,Basseterre,28-07-2018,ODI # 4024,Jason Holder ,391485
8,0,45,0,5.62,0,0,v India,Guwahati,21-10-2018,ODI # 4056,Jason Holder ,391485
6,0,50,0,8.33,0,0,v India,Visakhapatnam,24-10-2018,ODI # 4059,Jason Holder ,391485
9,0,46,2,5.11,23,27,v India,Pune,27-10-2018,ODI # 4062,Jason Holder ,391485
9,0,62,0,6.88,0,0,v India,Mumbai (BS),29-10-2018,ODI # 4063,Jason Holder ,391485
1,0,15,0,15,0,0,v India,Thiruvananthapuram,01-11-2018,ODI # 4064,Jason Holder ,391485
9.4,0,63,2,6.51,31.5,29,v England,Bridgetown,20-02-2019,ODI # 4096,Jason Holder ,391485
10,1,53,3,5.3,17.66,20,v England,Bridgetown,22-02-2019,ODI # 4097,Jason Holder ,391485
7,0,88,0,12.57,0,0,v England,St George's,27-02-2019,ODI # 4099,Jason Holder ,391485
7,2,28,2,4,14,21,v England,Gros Islet,02-03-2019,ODI # 4103,Jason Holder ,391485
6,0,26,0,4.33,0,0,v Ireland,Dublin,05-05-2019,ODI # 4128,Jason Holder ,391485
4,0,27,0,6.75,0,0,v Bangladesh,Dublin,07-05-2019,ODI # 4129,Jason Holder ,391485
10,0,55,1,5.5,55,60,v Ireland,Dublin (Malahide),11-05-2019,ODI # 4132,Jason Holder ,391485
8,1,43,1,5.37,43,48,v Bangladesh,Dublin (Malahide),13-05-2019,ODI # 4134,Jason Holder ,391485
4,0,31,0,7.75,0,0,v Bangladesh,Dublin (Malahide),17-05-2019,ODI # 4137,Jason Holder ,391485
8,0,52,1,6.5,52,48,v India,Colombo (RPS),31-07-2012,ODI # 3294,Nuwan Pradeep,324358
10,0,63,2,6.3,31.5,30,v India,Pallekele,04-08-2012,ODI # 3295,Nuwan Pradeep,324358
8,1,42,1,5.25,42,48,v Pakistan,Pallekele,15-07-2015,ODI # 3669,Nuwan Pradeep,324358
9,0,47,0,5.22,0,0,v Pakistan,Colombo (RPS),19-07-2015,ODI # 3670,Nuwan Pradeep,324358
2.2,0,9,0,3.85,0,0,v Pakistan,Colombo (RPS),22-07-2015,ODI # 3671,Nuwan Pradeep,324358
10,0,55,2,5.5,27.5,30,v New Zealand,Nelson,31-12-2015,ODI # 3717,Nuwan Pradeep,324358
10,1,69,1,6.9,69,60,v New Zealand,Mount Maunganui,05-01-2016,ODI # 3721,Nuwan Pradeep,324358
8,0,45,1,5.62,45,48,v Ireland,Dublin (Malahide),16-06-2016,ODI # 3748,Nuwan Pradeep,324358
10,0,64,2,6.4,32,30,v England,Nottingham,21-06-2016,ODI # 3751,Nuwan Pradeep,324358
4,0,31,0,7.75,0,0,v England,Birmingham,24-06-2016,ODI # 3753,Nuwan Pradeep,324358
9,0,78,2,8.66,39,27,v England,The Oval,29-06-2016,ODI # 3757,Nuwan Pradeep,324358
8,0,59,1,7.37,59,48,v England,Cardiff,02-07-2016,ODI # 3758,Nuwan Pradeep,324358
7,1,21,2,3,10.5,21,v Zimbabwe,Harare,14-11-2016,ODI # 3804,Nuwan Pradeep,324358
10,1,55,2,5.5,27.5,30,v West Indies,Harare,16-11-2016,ODI # 3805,Nuwan Pradeep,324358
10,0,65,1,6.5,65,60,v West Indies,Bulawayo,23-11-2016,ODI # 3808,Nuwan Pradeep,324358
10,0,54,2,5.4,27,30,v South Africa,The Oval,03-06-2017,ODI # 3877,Nuwan Pradeep,324358
10,0,73,1,7.3,73,60,v India,The Oval,08-06-2017,ODI # 3882,Nuwan Pradeep,324358
10,0,60,3,6,20,20,v Pakistan,Cardiff,12-06-2017,ODI # 3888,Nuwan Pradeep,324358
9,1,52,0,5.77,0,0,v Zimbabwe,Galle,30-06-2017,ODI # 3897,Nuwan Pradeep,324358
7,0,18,1,2.57,18,42,v Zimbabwe,Galle,02-07-2017,ODI # 3899,Nuwan Pradeep,324358
6,1,28,1,4.66,28,36,v Zimbabwe,Hambantota,06-07-2017,ODI # 3901,Nuwan Pradeep,324358
10,4,37,2,3.7,18.5,30,v India,Dharamsala,10-12-2017,ODI # 3939,Nuwan Pradeep,324358
10,0,106,0,10.6,0,0,v India,Mohali,13-12-2017,ODI # 3941,Nuwan Pradeep,324358
3,0,10,0,3.33,0,0,v India,Visakhapatnam,17-12-2017,ODI # 3942,Nuwan Pradeep,324358
10,0,66,2,6.6,33,30,v Bangladesh,Dhaka,19-01-2018,ODI # 3959,Nuwan Pradeep,324358
8,2,28,3,3.5,9.33,16,v Zimbabwe,Dhaka,21-01-2018,ODI # 3962,Nuwan Pradeep,324358
5,0,23,1,4.6,23,30,v England,Dambulla,10-10-2018,ODI # 4052,Nuwan Pradeep,324358
10,0,52,1,5.2,52,60,v England,Dambulla,13-10-2018,ODI # 4053,Nuwan Pradeep,324358
2,0,21,0,10.5,0,0,v England,Pallekele,17-10-2018,ODI # 4054,Nuwan Pradeep,324358
8,0,72,2,9,36,24,v New Zealand,Mount Maunganui,03-01-2019,ODI # 4074,Nuwan Pradeep,324358
9,0,59,1,6.55,59,54,v New Zealand,Mount Maunganui,05-01-2019,ODI # 4075,Nuwan Pradeep,324358
9,1,77,0,8.55,0,0,v New Zealand,Nelson,08-01-2019,ODI # 4076,Nuwan Pradeep,324358
10,2,39,1,3.9,39,60,v U.A.E.,Dambulla,17-07-2004,ODI # 2146,Lasith Malinga,49758
9,1,24,1,2.66,24,54,v Bangladesh,Colombo (RPS),23-07-2004,ODI # 2151,Lasith Malinga,49758
10,0,56,2,5.6,28,30,v India,Colombo (RPS),27-07-2004,ODI # 2153,Lasith Malinga,49758
5,0,40,0,8,0,0,v South Africa,Dambulla,28-08-2004,ODI # 2161,Lasith Malinga,49758
6,0,44,0,7.33,0,0,v New Zealand,Queenstown,31-12-2005,ODI # 2309,Lasith Malinga,49758
10,1,38,1,3.8,38,60,v Pakistan,Colombo (RPS),17-03-2006,ODI # 2351,Lasith Malinga,49758
9,1,22,2,2.44,11,27,v Pakistan,Colombo (RPS),19-03-2006,ODI # 2352,Lasith Malinga,49758
7,0,34,0,4.85,0,0,v Pakistan,Colombo (SSC),22-03-2006,ODI # 2354,Lasith Malinga,49758
9,2,26,3,2.88,8.66,18,v England,Lord's,17-06-2006,ODI # 2384,Lasith Malinga,49758
8,0,45,2,5.62,22.5,24,v England,The Oval,20-06-2006,ODI # 2385,Lasith Malinga,49758
10,0,50,2,5,25,30,v England,Chester-le-Street,24-06-2006,ODI # 2386,Lasith Malinga,49758
9.4,0,63,2,6.51,31.5,29,v England,Manchester,28-06-2006,ODI # 2388,Lasith Malinga,49758
10,0,44,4,4.4,11,15,v England,Leeds,01-07-2006,ODI # 2389,Lasith Malinga,49758
8,1,48,0,6,0,0,v Netherlands,Amstelveen,04-07-2006,ODI # 2390,Lasith Malinga,49758
1.4,0,7,0,4.2,0,0,v India,Colombo (SSC),18-08-2006,ODI # 2405,Lasith Malinga,49758
10,1,35,0,3.5,0,0,v Bangladesh,Mohali,07-10-2006,ODI # 2423,Lasith Malinga,49758
9.3,0,25,3,2.63,8.33,19,v Zimbabwe,Ahmedabad,10-10-2006,ODI # 2425,Lasith Malinga,49758
5.4,0,26,2,4.58,13,17,v West Indies,Mumbai (BS),14-10-2006,ODI # 2428,Lasith Malinga,49758
7,1,49,0,7,0,0,v Pakistan,Jaipur,17-10-2006,ODI # 2431,Lasith Malinga,49758
9.2,1,22,2,2.35,11,28,v New Zealand,Mumbai (BS),20-10-2006,ODI # 2433,Lasith Malinga,49758
9,0,53,4,5.88,13.25,13.5,v South Africa,Ahmedabad,24-10-2006,ODI # 2435,Lasith Malinga,49758
10,0,66,2,6.6,33,30,v New Zealand,Napier,28-12-2006,ODI # 2468,Lasith Malinga,49758
10,0,53,1,5.3,53,60,v New Zealand,Queenstown,31-12-2006,ODI # 2469,Lasith Malinga,49758
8,3,14,3,1.75,4.66,16,v New Zealand,Auckland,06-01-2007,ODI # 2471,Lasith Malinga,49758
10,0,75,2,7.5,37.5,30,v India,Rajkot,11-02-2007,ODI # 2520,Lasith Malinga,49758
9,1,54,0,6,0,0,v India,Visakhapatnam,17-02-2007,ODI # 2525,Lasith Malinga,49758
5,2,10,3,2,3.33,10,v Bermuda,Port of Spain,15-03-2007,ODI # 2534,Lasith Malinga,49758
6,0,27,3,4.5,9,12,v Bangladesh,Port of Spain,21-03-2007,ODI # 2546,Lasith Malinga,49758
8,0,39,1,4.87,39,48,v India,Port of Spain,23-03-2007,ODI # 2550,Lasith Malinga,49758
9.2,0,54,4,5.78,13.5,14,v South Africa,Providence,28-03-2007,ODI # 2556,Lasith Malinga,49758
5,0,34,2,6.8,17,15,v West Indies,Providence,01-04-2007,ODI # 2560,Lasith Malinga,49758
10,1,50,2,5,25,30,v England,North Sound,04-04-2007,ODI # 2563,Lasith Malinga,49758
7,2,21,1,3,21,42,v New Zealand,Kingston,24-04-2007,ODI # 2579,Lasith Malinga,49758
8,1,49,2,6.12,24.5,24,v Australia,Bridgetown,28-04-2007,ODI # 2581,Lasith Malinga,49758
9,1,53,0,5.88,0,0,v Pakistan,Abu Dhabi,18-05-2007,ODI # 2584,Lasith Malinga,49758
8,0,33,0,4.12,0,0,v Pakistan,Abu Dhabi,22-05-2007,ODI # 2586,Lasith Malinga,49758
7,0,17,1,2.42,17,42,v Bangladesh,Colombo (PSS),20-07-2007,ODI # 2605,Lasith Malinga,49758
9,2,22,3,2.44,7.33,18,v Bangladesh,Colombo (RPS),23-07-2007,ODI # 2606,Lasith Malinga,49758
6,0,32,1,5.33,32,36,v England,Dambulla,01-10-2007,ODI # 2622,Lasith Malinga,49758
10,1,58,0,5.8,0,0,v England,Dambulla,04-10-2007,ODI # 2624,Lasith Malinga,49758
7.5,1,39,1,4.97,39,47,v England,Dambulla,07-10-2007,ODI # 2626,Lasith Malinga,49758
9,1,39,2,4.33,19.5,27,v England,Colombo (RPS),10-10-2007,ODI # 2628,Lasith Malinga,49758
6.1,1,24,2,3.89,12,18.5,v England,Colombo (RPS),13-10-2007,ODI # 2630,Lasith Malinga,49758
10,1,56,1,5.6,56,60,v India,Brisbane,05-02-2008,ODI # 2672,Lasith Malinga,49758
10,0,55,1,5.5,55,60,v Australia,Sydney,08-02-2008,ODI # 2673,Lasith Malinga,49758
6,0,45,1,7.5,45,36,v India,Canberra,12-02-2008,ODI # 2676,Lasith Malinga,49758
9.4,1,47,4,4.86,11.75,14.5,v Australia,Perth,15-02-2008,ODI # 2679,Lasith Malinga,49758
10,1,37,2,3.7,18.5,30,v India,Adelaide,19-02-2008,ODI # 2681,Lasith Malinga,49758
10,1,44,1,4.4,44,60,v Australia,Melbourne,22-02-2008,ODI # 2683,Lasith Malinga,49758
6,0,36,1,6,36,36,v India,Hobart,26-02-2008,ODI # 2686,Lasith Malinga,49758
9,1,48,1,5.33,48,54,v Australia,Melbourne,29-02-2008,ODI # 2687,Lasith Malinga,49758
8.4,0,50,1,5.76,50,52,v Pakistan,Dambulla,30-07-2009,ODI # 2864,Lasith Malinga,49758
10,0,37,0,3.7,0,0,v Pakistan,Dambulla,01-08-2009,ODI # 2866,Lasith Malinga,49758
10,0,79,0,7.9,0,0,v Pakistan,Colombo (RPS),07-08-2009,ODI # 2868,Lasith Malinga,49758
6.1,0,28,4,4.54,7,9.2,v New Zealand,Colombo (RPS),08-09-2009,ODI # 2884,Lasith Malinga,49758
8,0,33,1,4.12,33,48,v India,Colombo (RPS),12-09-2009,ODI # 2887,Lasith Malinga,49758
10,0,81,1,8.1,81,60,v India,Colombo (RPS),14-09-2009,ODI # 2889,Lasith Malinga,49758
7.4,0,43,2,5.6,21.5,23,v South Africa,Centurion,22-09-2009,ODI # 2893,Lasith Malinga,49758
9,0,43,1,4.77,43,54,v England,Johannesburg,25-09-2009,ODI # 2896,Lasith Malinga,49758
10,0,85,1,8.5,85,60,v New Zealand,Johannesburg,27-09-2009,ODI # 2899,Lasith Malinga,49758
9.3,1,56,0,5.89,0,0,v India,Cuttack,21-12-2009,ODI # 2934,Lasith Malinga,49758
9.1,0,75,0,8.18,0,0,v India,Kolkata,24-12-2009,ODI # 2935,Lasith Malinga,49758
10,0,34,5,3.4,6.8,12,v Pakistan,Dambulla,15-06-2010,ODI # 2991,Lasith Malinga,49758
8.2,0,35,2,4.2,17.5,25,v Bangladesh,Dambulla,18-06-2010,ODI # 2995,Lasith Malinga,49758
10,0,57,2,5.7,28.5,30,v India,Dambulla,24-06-2010,ODI # 3001,Lasith Malinga,49758
10,1,35,3,3.5,11.66,20,v New Zealand,Dambulla,13-08-2010,ODI # 3031,Lasith Malinga,49758
7,0,34,0,4.85,0,0,v India,Dambulla,16-08-2010,ODI # 3032,Lasith Malinga,49758
9,1,21,2,2.33,10.5,27,v India,Dambulla,22-08-2010,ODI # 3038,Lasith Malinga,49758
9,0,49,2,5.44,24.5,27,v India,Dambulla,28-08-2010,ODI # 3040,Lasith Malinga,49758
10,0,39,1,3.9,39,60,v Australia,Melbourne,03-11-2010,ODI # 3065,Lasith Malinga,49758
7.4,0,34,1,4.43,34,46,v Australia,Sydney,05-11-2010,ODI # 3066,Lasith Malinga,49758
6,0,31,0,5.16,0,0,v Australia,Brisbane,07-11-2010,ODI # 3068,Lasith Malinga,49758
10,0,51,3,5.1,17,20,v West Indies,Colombo (SSC),31-01-2011,ODI # 3092,Lasith Malinga,49758
10,0,30,3,3,10,20,v West Indies,Colombo (SSC),03-02-2011,ODI # 3096,Lasith Malinga,49758
7.4,0,38,6,4.95,6.33,7.6,v Kenya,Colombo (RPS),01-03-2011,ODI # 3113,Lasith Malinga,49758
8,0,51,0,6.37,0,0,v Zimbabwe,Pallekele,10-03-2011,ODI # 3125,Lasith Malinga,49758
5,0,38,1,7.6,38,30,v New Zealand,Mumbai,18-03-2011,ODI # 3137,Lasith Malinga,49758
10,0,46,1,4.6,46,60,v England,Colombo (RPS),26-03-2011,ODI # 3145,Lasith Malinga,49758
9,0,55,3,6.11,18.33,18,v New Zealand,Colombo (RPS),29-03-2011,ODI # 3146,Lasith Malinga,49758
9,0,42,2,4.66,21,27,v India,Mumbai,02-04-2011,ODI # 3148,Lasith Malinga,49758
7,0,40,3,5.71,13.33,14,v England,The Oval,28-06-2011,ODI # 3165,Lasith Malinga,49758
8,0,41,1,5.12,41,48,v England,Leeds,01-07-2011,ODI # 3167,Lasith Malinga,49758
10,1,54,2,5.4,27,30,v England,Lord's,03-07-2011,ODI # 3168,Lasith Malinga,49758
5,0,28,0,5.6,0,0,v England,Nottingham,06-07-2011,ODI # 3169,Lasith Malinga,49758
10,0,60,0,6,0,0,v England,Manchester,09-07-2011,ODI # 3170,Lasith Malinga,49758
9.4,2,30,5,3.1,6,11.6,v Scotland,Edinburgh,13-07-2011,ODI # 3172,Lasith Malinga,49758
8,0,45,1,5.62,45,48,v Australia,Hambantota,14-08-2011,ODI # 3178,Lasith Malinga,49758
8.2,2,28,5,3.36,5.6,10,v Australia,Hambantota,16-08-2011,ODI # 3180,Lasith Malinga,49758
7,2,18,2,2.57,9,21,v Australia,Colombo (RPS),20-08-2011,ODI # 3182,Lasith Malinga,49758
8,2,35,3,4.37,11.66,16,v Australia,Colombo (RPS),22-08-2011,ODI # 3184,Lasith Malinga,49758
5,0,35,0,7,0,0,v Pakistan,Dubai (DSC),11-11-2011,ODI # 3212,Lasith Malinga,49758
9,1,36,3,4,12,18,v Pakistan,Dubai (DSC),14-11-2011,ODI # 3213,Lasith Malinga,49758
10,0,57,2,5.7,28.5,30,v Pakistan,Dubai (DSC),18-11-2011,ODI # 3214,Lasith Malinga,49758
9.3,0,38,1,4,38,57,v Pakistan,Sharjah,20-11-2011,ODI # 3215,Lasith Malinga,49758
9,2,28,1,3.11,28,54,v Pakistan,Abu Dhabi,23-11-2011,ODI # 3216,Lasith Malinga,49758
10,0,54,5,5.4,10.8,12,v South Africa,Paarl,11-01-2012,ODI # 3225,Lasith Malinga,49758
10,1,38,1,3.8,38,60,v South Africa,East London,14-01-2012,ODI # 3226,Lasith Malinga,49758
5,1,20,2,4,10,15,v South Africa,Bloemfontein,17-01-2012,ODI # 3227,Lasith Malinga,49758
10,0,57,1,5.7,57,60,v South Africa,Kimberley,20-01-2012,ODI # 3228,Lasith Malinga,49758
10,0,79,2,7.9,39.5,30,v South Africa,Johannesburg,22-01-2012,ODI # 3229,Lasith Malinga,49758
9,0,49,1,5.44,49,54,v India,Perth,08-02-2012,ODI # 3233,Lasith Malinga,49758
10,0,48,2,4.8,24,30,v Australia,Perth,10-02-2012,ODI # 3235,Lasith Malinga,49758
10,1,53,2,5.3,26.5,30,v India,Adelaide,14-02-2012,ODI # 3239,Lasith Malinga,49758
8.5,0,42,1,4.75,42,53,v Australia,Sydney,17-02-2012,ODI # 3241,Lasith Malinga,49758
8,0,55,2,6.87,27.5,24,v India,Brisbane,21-02-2012,ODI # 3246,Lasith Malinga,49758
10,0,56,1,5.6,56,60,v Australia,Hobart,24-02-2012,ODI # 3248,Lasith Malinga,49758
7.4,0,96,1,12.52,96,46,v India,Hobart,28-02-2012,ODI # 3251,Lasith Malinga,49758
10,0,49,4,4.9,12.25,15,v Australia,Melbourne,02-03-2012,ODI # 3253,Lasith Malinga,49758
8,0,74,1,9.25,74,48,v Australia,Brisbane,04-03-2012,ODI # 3255,Lasith Malinga,49758
10,1,40,3,4,13.33,20,v Australia,Adelaide,06-03-2012,ODI # 3256,Lasith Malinga,49758
10,0,69,0,6.9,0,0,v Australia,Adelaide,08-03-2012,ODI # 3257,Lasith Malinga,49758
8,1,44,0,5.5,0,0,v Pakistan,Dhaka,15-03-2012,ODI # 3260,Lasith Malinga,49758
8,0,29,0,3.62,0,0,v Bangladesh,Dhaka,20-03-2012,ODI # 3265,Lasith Malinga,49758
7,2,24,1,3.42,24,42,v Pakistan,Pallekele,07-06-2012,ODI # 3272,Lasith Malinga,49758
8,1,40,2,5,20,24,v Pakistan,Pallekele,09-06-2012,ODI # 3273,Lasith Malinga,49758
3,0,9,1,3,9,18,v Pakistan,Colombo (RPS),13-06-2012,ODI # 3274,Lasith Malinga,49758
7,0,30,2,4.28,15,21,v Pakistan,Colombo (RPS),16-06-2012,ODI # 3275,Lasith Malinga,49758
10,1,52,1,5.2,52,60,v Pakistan,Colombo (RPS),18-06-2012,ODI # 3277,Lasith Malinga,49758
10,0,83,0,8.3,0,0,v India,Hambantota,21-07-2012,ODI # 3291,Lasith Malinga,49758
7.3,0,36,2,4.8,18,22.5,v India,Hambantota,24-07-2012,ODI # 3292,Lasith Malinga,49758
10,0,60,2,6,30,30,v India,Colombo (RPS),28-07-2012,ODI # 3293,Lasith Malinga,49758
8,1,41,1,5.12,41,48,v India,Colombo (RPS),31-07-2012,ODI # 3294,Lasith Malinga,49758
10,0,64,3,6.4,21.33,20,v India,Pallekele,04-08-2012,ODI # 3295,Lasith Malinga,49758
10,0,39,2,3.9,19.5,30,v New Zealand,Pallekele,04-11-2012,ODI # 3305,Lasith Malinga,49758
7,0,40,1,5.71,40,42,v New Zealand,Pallekele,06-11-2012,ODI # 3306,Lasith Malinga,49758
6,1,38,0,6.33,0,0,v New Zealand,Hambantota,10-11-2012,ODI # 3307,Lasith Malinga,49758
10,1,61,1,6.1,61,60,v Australia,Melbourne,11-01-2013,ODI # 3317,Lasith Malinga,49758
9,0,32,3,3.55,10.66,18,v Australia,Adelaide,13-01-2013,ODI # 3319,Lasith Malinga,49758
7,2,14,3,2,4.66,14,v Australia,Brisbane,18-01-2013,ODI # 3321,Lasith Malinga,49758
10,2,33,2,3.3,16.5,30,v Australia,Sydney,20-01-2013,ODI # 3324,Lasith Malinga,49758
10,1,49,1,4.9,49,60,v Australia,Hobart,23-01-2013,ODI # 3326,Lasith Malinga,49758
10,0,51,2,5.1,25.5,30,v Bangladesh,Hambantota,23-03-2013,ODI # 3349,Lasith Malinga,49758
6,0,29,2,4.83,14.5,18,v Bangladesh,Pallekele,28-03-2013,ODI # 3352,Lasith Malinga,49758
10,2,34,4,3.4,8.5,15,v New Zealand,Cardiff,09-06-2013,ODI # 3366,Lasith Malinga,49758
10,2,58,2,5.8,29,30,v England,The Oval,13-06-2013,ODI # 3370,Lasith Malinga,49758
9,0,60,1,6.66,60,54,v Australia,The Oval,17-06-2013,ODI # 3374,Lasith Malinga,49758
8,0,54,0,6.75,0,0,v India,Cardiff,20-06-2013,ODI # 3376,Lasith Malinga,49758
7,0,34,0,4.85,0,0,v West Indies,Kingston,28-06-2013,ODI # 3378,Lasith Malinga,49758
7.5,0,40,2,5.1,20,23.5,v India,Kingston,02-07-2013,ODI # 3382,Lasith Malinga,49758
8,2,42,2,5.25,21,24,v West Indies,Port of Spain,07-07-2013,ODI # 3385,Lasith Malinga,49758
3,1,7,0,2.33,0,0,v India,Port of Spain,09-07-2013,ODI # 3387,Lasith Malinga,49758
10,1,58,1,5.8,58,60,v India,Port of Spain,11-07-2013,ODI # 3388,Lasith Malinga,49758
4,1,21,1,5.25,21,24,v South Africa,Colombo (RPS),20-07-2013,ODI # 3392,Lasith Malinga,49758
3,0,17,1,5.66,17,18,v South Africa,Colombo (RPS),23-07-2013,ODI # 3394,Lasith Malinga,49758
10,0,57,1,5.7,57,60,v South Africa,Pallekele,26-07-2013,ODI # 3398,Lasith Malinga,49758
9,0,52,3,5.77,17.33,18,v South Africa,Pallekele,28-07-2013,ODI # 3400,Lasith Malinga,49758
2.2,0,8,1,3.42,8,14,v New Zealand,Hambantota,10-11-2013,ODI # 3432,Lasith Malinga,49758
5,0,42,0,8.4,0,0,v New Zealand,Hambantota,12-11-2013,ODI # 3434,Lasith Malinga,49758
3,0,31,0,10.33,0,0,v New Zealand,Dambulla,16-11-2013,ODI # 3435,Lasith Malinga,49758
10,1,59,0,5.9,0,0,v Pakistan,Sharjah,18-12-2013,ODI # 3445,Lasith Malinga,49758
10,0,78,1,7.8,78,60,v Pakistan,Dubai (DSC),20-12-2013,ODI # 3446,Lasith Malinga,49758
10,0,58,1,5.8,58,60,v Pakistan,Sharjah,22-12-2013,ODI # 3447,Lasith Malinga,49758
7,0,40,0,5.71,0,0,v Pakistan,Abu Dhabi,25-12-2013,ODI # 3448,Lasith Malinga,49758
10,0,57,4,5.7,14.25,15,v Pakistan,Abu Dhabi,27-12-2013,ODI # 3450,Lasith Malinga,49758
8,1,37,1,4.62,37,48,v Bangladesh,Dhaka,17-02-2014,ODI # 3469,Lasith Malinga,49758
8,2,45,2,5.62,22.5,24,v Bangladesh,Dhaka,20-02-2014,ODI # 3470,Lasith Malinga,49758
9.5,0,52,5,5.28,10.4,11.8,v Pakistan,Fatullah,25-02-2014,ODI # 3473,Lasith Malinga,49758
10,0,58,1,5.8,58,60,v India,Fatullah,28-02-2014,ODI # 3476,Lasith Malinga,49758
5,0,23,0,4.6,0,0,v Afghanistan,Dhaka,03-03-2014,ODI # 3481,Lasith Malinga,49758
10,0,56,5,5.6,11.2,12,v Pakistan,Dhaka,08-03-2014,ODI # 3486,Lasith Malinga,49758
8,0,71,0,8.87,0,0,v England,The Oval,22-05-2014,ODI # 3492,Lasith Malinga,49758
4,1,17,1,4.25,17,24,v England,Chester-le-Street,25-05-2014,ODI # 3493,Lasith Malinga,49758
3,0,13,0,4.33,0,0,v England,Manchester,28-05-2014,ODI # 3494,Lasith Malinga,49758
10,2,52,3,5.2,17.33,20,v England,Lord's,31-05-2014,ODI # 3495,Lasith Malinga,49758
9.1,0,50,3,5.45,16.66,18.3,v England,Birmingham,03-06-2014,ODI # 3496,Lasith Malinga,49758
7,0,52,0,7.42,0,0,v South Africa,Colombo (RPS),06-07-2014,ODI # 3500,Lasith Malinga,49758
6,1,24,4,4,6,9,v South Africa,Pallekele,09-07-2014,ODI # 3501,Lasith Malinga,49758
10,0,85,0,8.5,0,0,v South Africa,Hambantota,12-07-2014,ODI # 3502,Lasith Malinga,49758
9,0,60,1,6.66,60,54,v Pakistan,Hambantota,23-08-2014,ODI # 3512,Lasith Malinga,49758
6.5,0,56,2,8.19,28,20.5,v Pakistan,Hambantota,26-08-2014,ODI # 3515,Lasith Malinga,49758
7,2,17,1,2.42,17,42,v Pakistan,Dambulla,30-08-2014,ODI # 3519,Lasith Malinga,49758
10,0,84,0,8.4,0,0,v New Zealand,Christchurch,14-02-2015,ODI # 3599,Lasith Malinga,49758
9.4,1,41,3,4.24,13.66,19.3,v Afghanistan,Dunedin,22-02-2015,ODI # 3609,Lasith Malinga,49758
9,0,35,3,3.88,11.66,18,v Bangladesh,Melbourne,26-02-2015,ODI # 3615,Lasith Malinga,49758
10,0,63,1,6.3,63,60,v England,Wellington,01-03-2015,ODI # 3619,Lasith Malinga,49758
10,0,59,2,5.9,29.5,30,v Australia,Sydney,08-03-2015,ODI # 3629,Lasith Malinga,49758
9,0,29,2,3.22,14.5,27,v Scotland,Hobart,11-03-2015,ODI # 3632,Lasith Malinga,49758
6,0,43,1,7.16,43,36,v South Africa,Sydney,18-03-2015,ODI # 3640,Lasith Malinga,49758
8,0,56,0,7,0,0,v Pakistan,Dambulla,11-07-2015,ODI # 3664,Lasith Malinga,49758
10,0,64,2,6.4,32,30,v Pakistan,Pallekele,15-07-2015,ODI # 3669,Lasith Malinga,49758
10,0,80,1,8,80,60,v Pakistan,Colombo (RPS),19-07-2015,ODI # 3670,Lasith Malinga,49758
9,2,46,1,5.11,46,54,v Pakistan,Colombo (RPS),22-07-2015,ODI # 3671,Lasith Malinga,49758
6,1,20,0,3.33,0,0,v West Indies,Colombo (RPS),01-11-2015,ODI # 3701,Lasith Malinga,49758
7.4,0,43,2,5.6,21.5,23,v West Indies,Colombo (RPS),04-11-2015,ODI # 3702,Lasith Malinga,49758
7,0,43,2,6.14,21.5,21,v West Indies,Pallekele,07-11-2015,ODI # 3704,Lasith Malinga,49758
10,0,57,0,5.7,0,0,v South Africa,The Oval,03-06-2017,ODI # 3877,Lasith Malinga,49758
10,0,70,2,7,35,30,v India,The Oval,08-06-2017,ODI # 3882,Lasith Malinga,49758
9.5,2,52,1,5.28,52,59,v Pakistan,Cardiff,12-06-2017,ODI # 3888,Lasith Malinga,49758
9,0,51,1,5.66,51,54,v Zimbabwe,Galle,30-06-2017,ODI # 3897,Lasith Malinga,49758
3,1,17,0,5.66,0,0,v Zimbabwe,Galle,02-07-2017,ODI # 3899,Lasith Malinga,49758
9,0,71,1,7.88,71,54,v Zimbabwe,Hambantota,06-07-2017,ODI # 3901,Lasith Malinga,49758
4,1,18,0,4.5,0,0,v Zimbabwe,Hambantota,08-07-2017,ODI # 3903,Lasith Malinga,49758
10,0,44,2,4.4,22,30,v Zimbabwe,Hambantota,10-07-2017,ODI # 3904,Lasith Malinga,49758
8,0,52,0,6.5,0,0,v India,Dambulla,20-08-2017,ODI # 3905,Lasith Malinga,49758
8,0,49,0,6.12,0,0,v India,Pallekele,24-08-2017,ODI # 3906,Lasith Malinga,49758
5,0,25,1,5,25,30,v India,Pallekele,27-08-2017,ODI # 3907,Lasith Malinga,49758
10,0,82,1,8.2,82,60,v India,Colombo (RPS),31-08-2017,ODI # 3908,Lasith Malinga,49758
8,1,35,1,4.37,35,48,v India,Colombo (RPS),03-09-2017,ODI # 3909,Lasith Malinga,49758
10,2,23,4,2.3,5.75,15,v Bangladesh,Dubai (DSC),15-09-2018,ODI # 4036,Lasith Malinga,49758
10,0,66,1,6.6,66,60,v Afghanistan,Abu Dhabi,17-09-2018,ODI # 4038,Lasith Malinga,49758
5,0,37,0,7.4,0,0,v England,Dambulla,10-10-2018,ODI # 4052,Lasith Malinga,49758
10,1,44,5,4.4,8.8,12,v England,Dambulla,13-10-2018,ODI # 4053,Lasith Malinga,49758
4,0,39,0,9.75,0,0,v England,Pallekele,17-10-2018,ODI # 4054,Lasith Malinga,49758
5,0,15,0,3,0,0,v England,Pallekele,20-10-2018,ODI # 4055,Lasith Malinga,49758
10,0,78,2,7.8,39,30,v New Zealand,Mount Maunganui,03-01-2019,ODI # 4074,Lasith Malinga,49758
10,0,45,2,4.5,22.5,30,v New Zealand,Mount Maunganui,05-01-2019,ODI # 4075,Lasith Malinga,49758
10,1,93,3,9.3,31,20,v New Zealand,Nelson,08-01-2019,ODI # 4076,Lasith Malinga,49758
7,0,37,0,5.28,0,0,v South Africa,Johannesburg,03-03-2019,ODI # 4104,Lasith Malinga,49758
9,0,39,2,4.33,19.5,27,v South Africa,Centurion,06-03-2019,ODI # 4107,Lasith Malinga,49758
10,0,68,1,6.8,68,60,v South Africa,Durban,10-03-2019,ODI # 4112,Lasith Malinga,49758
7,0,38,0,5.42,0,0,v South Africa,Port Elizabeth,13-03-2019,ODI # 4114,Lasith Malinga,49758
6,0,22,1,3.66,22,36,v South Africa,Cape Town,16-03-2019,ODI # 4115,Lasith Malinga,49758
2,0,10,0,5,0,0,v Pakistan,Dambulla,11-07-2015,ODI # 3664,Milinda Siriwardana,222354
5,0,22,1,4.4,22,30,v Pakistan,Pallekele,15-07-2015,ODI # 3669,Milinda Siriwardana,222354
5.5,0,28,1,4.8,28,35,v Pakistan,Colombo (RPS),22-07-2015,ODI # 3671,Milinda Siriwardana,222354
2.2,0,19,1,8.14,19,14,v Pakistan,Hambantota,26-07-2015,ODI # 3672,Milinda Siriwardana,222354
7,1,27,2,3.85,13.5,21,v West Indies,Colombo (RPS),04-11-2015,ODI # 3702,Milinda Siriwardana,222354
5,0,17,0,3.4,0,0,v West Indies,Pallekele,07-11-2015,ODI # 3704,Milinda Siriwardana,222354
5,0,45,2,9,22.5,15,v New Zealand,Christchurch,26-12-2015,ODI # 3714,Milinda Siriwardana,222354
5,0,33,1,6.6,33,30,v New Zealand,Nelson,31-12-2015,ODI # 3717,Milinda Siriwardana,222354
2,0,11,0,5.5,0,0,v New Zealand,Nelson,02-01-2016,ODI # 3718,Milinda Siriwardana,222354
5,0,32,0,6.4,0,0,v New Zealand,Mount Maunganui,05-01-2016,ODI # 3721,Milinda Siriwardana,222354
6,0,34,0,5.66,0,0,v Australia,Colombo (RPS),21-08-2016,ODI # 3768,Milinda Siriwardana,222354
5,1,23,0,4.6,0,0,v Bangladesh,Colombo (SSC),01-04-2017,ODI # 3858,Milinda Siriwardana,222354
10,0,39,1,3.9,39,60,v India,Pallekele,24-08-2017,ODI # 3906,Milinda Siriwardana,222354
9,0,43,0,4.77,0,0,v India,Pallekele,27-08-2017,ODI # 3907,Milinda Siriwardana,222354
5,0,36,0,7.2,0,0,v India,Colombo (RPS),31-08-2017,ODI # 3908,Milinda Siriwardana,222354
4,0,28,0,7,0,0,v India,Colombo (RPS),03-09-2017,ODI # 3909,Milinda Siriwardana,222354
6,0,28,0,4.66,0,0,v Pakistan,Dubai (DSC),13-10-2017,ODI # 3922,Milinda Siriwardana,222354
2,0,9,0,4.5,0,0,v Pakistan,Abu Dhabi,16-10-2017,ODI # 3924,Milinda Siriwardana,222354
2,0,12,0,6,0,0,v Pakistan,Abu Dhabi,18-10-2017,ODI # 3926,Milinda Siriwardana,222354
5,0,34,0,6.8,0,0,v Pakistan,Sharjah,20-10-2017,ODI # 3927,Milinda Siriwardana,222354
4,0,12,2,3,6,12,v Zimbabwe,Bulawayo,01-06-2010,ODI # 2985,Jeevan Mendis,49700
6,0,29,0,4.83,0,0,v India,Harare,05-06-2010,ODI # 2988,Jeevan Mendis,49700
8,0,42,0,5.25,0,0,v Zimbabwe,Harare,07-06-2010,ODI # 2989,Jeevan Mendis,49700
9,0,36,2,4,18,27,v Zimbabwe,Harare,09-06-2010,ODI # 2990,Jeevan Mendis,49700
1,0,10,0,10,0,0,v Australia,Brisbane,07-11-2010,ODI # 3068,Jeevan Mendis,49700
2,0,18,1,9,18,12,v England,The Oval,28-06-2011,ODI # 3165,Jeevan Mendis,49700
6,0,31,2,5.16,15.5,18,v England,Leeds,01-07-2011,ODI # 3167,Jeevan Mendis,49700
10,0,40,2,4,20,30,v England,Lord's,03-07-2011,ODI # 3168,Jeevan Mendis,49700
2,0,20,0,10,0,0,v England,Nottingham,06-07-2011,ODI # 3169,Jeevan Mendis,49700
6,0,33,0,5.5,0,0,v England,Manchester,09-07-2011,ODI # 3170,Jeevan Mendis,49700
2,0,6,0,3,0,0,v Scotland,Edinburgh,13-07-2011,ODI # 3172,Jeevan Mendis,49700
9,0,37,0,4.11,0,0,v Australia,Pallekele,10-08-2011,ODI # 3175,Jeevan Mendis,49700
3,0,12,0,4,0,0,v Australia,Hambantota,14-08-2011,ODI # 3178,Jeevan Mendis,49700
1,0,5,0,5,0,0,v Australia,Hambantota,16-08-2011,ODI # 3180,Jeevan Mendis,49700
8,0,35,0,4.37,0,0,v Australia,Colombo (RPS),22-08-2011,ODI # 3184,Jeevan Mendis,49700
9,0,43,0,4.77,0,0,v Pakistan,Dubai (DSC),14-11-2011,ODI # 3213,Jeevan Mendis,49700
3,0,15,0,5,0,0,v Pakistan,Dubai (DSC),18-11-2011,ODI # 3214,Jeevan Mendis,49700
9,0,40,2,4.44,20,27,v Pakistan,Sharjah,20-11-2011,ODI # 3215,Jeevan Mendis,49700
7,0,36,3,5.14,12,14,v Pakistan,Abu Dhabi,23-11-2011,ODI # 3216,Jeevan Mendis,49700
9,0,30,2,3.33,15,27,v Pakistan,Colombo (RPS),18-06-2012,ODI # 3277,Jeevan Mendis,49700
4,0,19,0,4.75,0,0,v India,Colombo (RPS),28-07-2012,ODI # 3293,Jeevan Mendis,49700
6,0,37,1,6.16,37,36,v India,Colombo (RPS),31-07-2012,ODI # 3294,Jeevan Mendis,49700
5,0,25,0,5,0,0,v India,Pallekele,04-08-2012,ODI # 3295,Jeevan Mendis,49700
6,0,34,0,5.66,0,0,v New Zealand,Pallekele,04-11-2012,ODI # 3305,Jeevan Mendis,49700
5,0,34,2,6.8,17,15,v New Zealand,Pallekele,06-11-2012,ODI # 3306,Jeevan Mendis,49700
4,0,15,3,3.75,5,8,v New Zealand,Hambantota,10-11-2012,ODI # 3307,Jeevan Mendis,49700
4,0,33,0,8.25,0,0,v Australia,Melbourne,11-01-2013,ODI # 3317,Jeevan Mendis,49700
2,0,7,0,3.5,0,0,v Australia,Adelaide,13-01-2013,ODI # 3319,Jeevan Mendis,49700
3,0,28,1,9.33,28,18,v India,Cardiff,20-06-2013,ODI # 3376,Jeevan Mendis,49700
1.5,1,7,0,3.81,0,0,v West Indies,Kingston,28-06-2013,ODI # 3378,Jeevan Mendis,49700
2,0,8,0,4,0,0,v West Indies,Port of Spain,07-07-2013,ODI # 3385,Jeevan Mendis,49700
1,0,4,0,4,0,0,v India,Port of Spain,09-07-2013,ODI # 3387,Jeevan Mendis,49700
6,0,34,1,5.66,34,36,v England,Colombo (RPS),26-11-2014,ODI # 3554,Jeevan Mendis,49700
5,0,22,0,4.4,0,0,v England,Colombo (RPS),29-11-2014,ODI # 3557,Jeevan Mendis,49700
2,0,9,0,4.5,0,0,v England,Hambantota,03-12-2014,ODI # 3561,Jeevan Mendis,49700
7,1,39,0,5.57,0,0,v England,Colombo (RPS),07-12-2014,ODI # 3563,Jeevan Mendis,49700
7,0,41,0,5.85,0,0,v England,Pallekele,10-12-2014,ODI # 3565,Jeevan Mendis,49700
4,0,22,0,5.5,0,0,v England,Pallekele,13-12-2014,ODI # 3567,Jeevan Mendis,49700
4,0,28,0,7,0,0,v England,Colombo (RPS),16-12-2014,ODI # 3569,Jeevan Mendis,49700
1,0,5,0,5,0,0,v New Zealand,Christchurch,11-01-2015,ODI # 3574,Jeevan Mendis,49700
10,0,47,1,4.7,47,60,v New Zealand,Hamilton,15-01-2015,ODI # 3577,Jeevan Mendis,49700
7,0,40,1,5.71,40,42,v New Zealand,Nelson,20-01-2015,ODI # 3585,Jeevan Mendis,49700
2,0,21,0,10.5,0,0,v New Zealand,Dunedin,23-01-2015,ODI # 3588,Jeevan Mendis,49700
5,0,27,0,5.4,0,0,v New Zealand,Dunedin,25-01-2015,ODI # 3590,Jeevan Mendis,49700
2,0,5,2,2.5,2.5,6,v New Zealand,Christchurch,14-02-2015,ODI # 3599,Jeevan Mendis,49700
3,0,13,0,4.33,0,0,v Afghanistan,Dunedin,22-02-2015,ODI # 3609,Jeevan Mendis,49700
2,0,34,0,17,0,0,v New Zealand,Christchurch,28-12-2015,ODI # 3715,Jeffrey Vandersay,370040
10,1,55,2,5.5,27.5,30,v New Zealand,Nelson,31-12-2015,ODI # 3717,Jeffrey Vandersay,370040
1,0,15,0,15,0,0,v New Zealand,Nelson,02-01-2016,ODI # 3718,Jeffrey Vandersay,370040
10,0,50,3,5,16.66,20,v Zimbabwe,Bulawayo,27-11-2016,ODI # 3810,Jeffrey Vandersay,370040
7,0,51,0,7.28,0,0,v South Africa,Port Elizabeth,28-01-2017,ODI # 3828,Jeffrey Vandersay,370040
10,0,61,1,6.1,61,60,v South Africa,Centurion,10-02-2017,ODI # 3834,Jeffrey Vandersay,370040
10,0,47,1,4.7,47,60,v Pakistan,Dubai (DSC),13-10-2017,ODI # 3922,Jeffrey Vandersay,370040
9,0,44,1,4.88,44,54,v Pakistan,Abu Dhabi,16-10-2017,ODI # 3924,Jeffrey Vandersay,370040
9.3,1,43,1,4.52,43,57,v Pakistan,Abu Dhabi,18-10-2017,ODI # 3926,Jeffrey Vandersay,370040
6.2,0,30,1,4.73,30,38,v Pakistan,Sharjah,23-10-2017,ODI # 3930,Jeffrey Vandersay,370040
6,0,42,0,7,0,0,v India,Hambantota,24-07-2012,ODI # 3292,Isuru Udana,328026
6,0,42,0,7,0,0,v India,Colombo (RPS),28-07-2012,ODI # 3293,Isuru Udana,328026
8,0,50,2,6.25,25,24,v South Africa,Durban,10-03-2019,ODI # 4112,Isuru Udana,328026
2,0,15,0,7.5,0,0,v South Africa,Port Elizabeth,13-03-2019,ODI # 4114,Isuru Udana,328026
7,1,37,0,5.28,0,0,v South Africa,Cape Town,16-03-2019,ODI # 4115,Isuru Udana,328026
9,0,66,0,7.33,0,0,v India,Kolkata,24-12-2009,ODI # 2935,Thisara Perera,233514
6,0,27,2,4.5,13.5,18,v India,Dhaka,05-01-2010,ODI # 2938,Thisara Perera,233514
10,0,32,2,3.2,16,30,v Bangladesh,Dhaka,08-01-2010,ODI # 2940,Thisara Perera,233514
5,1,32,1,6.4,32,30,v India,Dhaka,10-01-2010,ODI # 2941,Thisara Perera,233514
8.2,0,49,1,5.88,49,50,v India,Dhaka,13-01-2010,ODI # 2943,Thisara Perera,233514
7,0,35,0,5,0,0,v India,Bulawayo,30-05-2010,ODI # 2983,Thisara Perera,233514
1,0,16,0,16,0,0,v Zimbabwe,Bulawayo,01-06-2010,ODI # 2985,Thisara Perera,233514
4,0,33,1,8.25,33,24,v India,Harare,05-06-2010,ODI # 2988,Thisara Perera,233514
2,0,24,0,12,0,0,v Zimbabwe,Harare,07-06-2010,ODI # 2989,Thisara Perera,233514
7.4,1,28,5,3.65,5.6,9.2,v India,Dambulla,22-08-2010,ODI # 3038,Thisara Perera,233514
9,2,36,3,4,12,18,v India,Dambulla,28-08-2010,ODI # 3040,Thisara Perera,233514
8,0,46,5,5.75,9.2,9.6,v Australia,Melbourne,03-11-2010,ODI # 3065,Thisara Perera,233514
8,0,39,2,4.87,19.5,24,v Australia,Sydney,05-11-2010,ODI # 3066,Thisara Perera,233514
4.4,1,19,0,4.07,0,0,v Australia,Brisbane,07-11-2010,ODI # 3068,Thisara Perera,233514
9,2,36,3,4,12,18,v West Indies,Colombo (SSC),06-02-2011,ODI # 3099,Thisara Perera,233514
7,0,24,3,3.42,8,14,v Canada,Hambantota,20-02-2011,ODI # 3102,Thisara Perera,233514
9,0,62,2,6.88,31,27,v Pakistan,Colombo (RPS),26-02-2011,ODI # 3109,Thisara Perera,233514
6,0,33,1,5.5,33,36,v Zimbabwe,Pallekele,10-03-2011,ODI # 3125,Thisara Perera,233514
9,0,55,1,6.11,55,54,v India,Mumbai,02-04-2011,ODI # 3148,Thisara Perera,233514
6,0,20,1,3.33,20,36,v Scotland,Edinburgh,13-07-2011,ODI # 3172,Thisara Perera,233514
9,1,30,2,3.33,15,27,v Pakistan,Dubai (DSC),14-11-2011,ODI # 3213,Thisara Perera,233514
10,1,45,1,4.5,45,60,v Pakistan,Dubai (DSC),18-11-2011,ODI # 3214,Thisara Perera,233514
10,1,36,1,3.6,36,60,v Pakistan,Sharjah,20-11-2011,ODI # 3215,Thisara Perera,233514
7,1,32,0,4.57,0,0,v Pakistan,Abu Dhabi,23-11-2011,ODI # 3216,Thisara Perera,233514
4,0,34,2,8.5,17,12,v South Africa,Kimberley,20-01-2012,ODI # 3228,Thisara Perera,233514
7,0,64,0,9.14,0,0,v South Africa,Johannesburg,22-01-2012,ODI # 3229,Thisara Perera,233514
5,0,37,1,7.4,37,30,v India,Perth,08-02-2012,ODI # 3233,Thisara Perera,233514
9,0,45,2,5,22.5,27,v India,Adelaide,14-02-2012,ODI # 3239,Thisara Perera,233514
7,1,29,2,4.14,14.5,21,v Australia,Sydney,17-02-2012,ODI # 3241,Thisara Perera,233514
7.1,0,37,4,5.16,9.25,10.7,v India,Brisbane,21-02-2012,ODI # 3246,Thisara Perera,233514
4,0,35,0,8.75,0,0,v Australia,Hobart,24-02-2012,ODI # 3248,Thisara Perera,233514
7,0,59,0,8.42,0,0,v India,Hobart,28-02-2012,ODI # 3251,Thisara Perera,233514
0.5,0,8,0,9.6,0,0,v Australia,Melbourne,02-03-2012,ODI # 3253,Thisara Perera,233514
6.1,0,31,0,5.02,0,0,v Pakistan,Pallekele,07-06-2012,ODI # 3272,Thisara Perera,233514
10,0,44,6,4.4,7.33,10,v Pakistan,Pallekele,09-06-2012,ODI # 3273,Thisara Perera,233514
10,1,42,4,4.2,10.5,15,v Pakistan,Colombo (RPS),16-06-2012,ODI # 3275,Thisara Perera,233514
8,0,54,1,6.75,54,48,v Pakistan,Colombo (RPS),18-06-2012,ODI # 3277,Thisara Perera,233514
10,0,70,3,7,23.33,20,v India,Hambantota,21-07-2012,ODI # 3291,Thisara Perera,233514
8,3,19,3,2.37,6.33,16,v India,Hambantota,24-07-2012,ODI # 3292,Thisara Perera,233514
9,0,57,1,6.33,57,54,v India,Colombo (RPS),28-07-2012,ODI # 3293,Thisara Perera,233514
6,0,51,0,8.5,0,0,v India,Colombo (RPS),31-07-2012,ODI # 3294,Thisara Perera,233514
10,0,53,1,5.3,53,60,v India,Pallekele,04-08-2012,ODI # 3295,Thisara Perera,233514
7,0,52,1,7.42,52,42,v New Zealand,Pallekele,04-11-2012,ODI # 3305,Thisara Perera,233514
4,0,22,0,5.5,0,0,v New Zealand,Pallekele,06-11-2012,ODI # 3306,Thisara Perera,233514
5,0,16,1,3.2,16,30,v New Zealand,Hambantota,10-11-2012,ODI # 3307,Thisara Perera,233514
