Index,Result,Margin,BR,Toss,Bat,Opposition,Ground,Start_Date,Match_Id,Country,Country_Id
418,won,85 runs,0,lost,1st,v India,Kolkata,03-01-2013,ODI # 3315,Pakistan,7
692,lost,85 runs,0,won,2nd,v Pakistan,Kolkata,03-01-2013,ODI # 3315,India,6
419,lost,10 runs,0,lost,2nd,v India,Delhi,06-01-2013,ODI # 3316,Pakistan,7
693,won,10 runs,0,won,1st,v Pakistan,Delhi,06-01-2013,ODI # 3316,India,6
121,lost,107 runs,0,lost,2nd,v Australia,Melbourne,11-01-2013,ODI # 3317,SriLanka,8
1096,won,107 runs,0,won,1st,v Sri Lanka,Melbourne,11-01-2013,ODI # 3317,Australia,2
694,lost,9 runs,0,lost,2nd,v England,Rajkot,11-01-2013,ODI # 3318,India,6
852,won,9 runs,0,won,1st,v India,Rajkot,11-01-2013,ODI # 3318,England,1
122,won,8 wickets,59,won,2nd,v Australia,Adelaide,13-01-2013,ODI # 3319,SriLanka,8
1097,lost,8 wickets,59,lost,1st,v Sri Lanka,Adelaide,13-01-2013,ODI # 3319,Australia,2
695,won,127 runs,0,won,1st,v England,Kochi,15-01-2013,ODI # 3320,India,6
853,lost,127 runs,0,lost,2nd,v India,Kochi,15-01-2013,ODI # 3320,England,1
123,won,4 wickets,180,lost,2nd,v Australia,Brisbane,18-01-2013,ODI # 3321,SriLanka,8
1098,lost,4 wickets,180,won,1st,v Sri Lanka,Brisbane,18-01-2013,ODI # 3321,Australia,2
696,won,7 wickets,131,won,2nd,v England,Ranchi,19-01-2013,ODI # 3322,India,6
854,lost,7 wickets,131,lost,1st,v India,Ranchi,19-01-2013,ODI # 3322,England,1
283,lost,1 wickets,26,lost,1st,v New Zealand,Paarl,19-01-2013,ODI # 3323,SouthAfrica,3
560,won,1 wickets,26,won,2nd,v South Africa,Paarl,19-01-2013,ODI # 3323,Newzealad,5
124,n/r,-,0,lost,2nd,v Australia,Sydney,20-01-2013,ODI # 3324,SriLanka,8
1099,n/r,-,0,won,1st,v Sri Lanka,Sydney,20-01-2013,ODI # 3324,Australia,2
284,lost,27 runs,0,won,2nd,v New Zealand,Kimberley,22-01-2013,ODI # 3325,SouthAfrica,3
561,won,27 runs,0,lost,1st,v South Africa,Kimberley,22-01-2013,ODI # 3325,Newzealad,5
125,lost,32 runs,0,won,2nd,v Australia,Hobart,23-01-2013,ODI # 3326,SriLanka,8
1100,won,32 runs,0,lost,1st,v Sri Lanka,Hobart,23-01-2013,ODI # 3326,Australia,2
697,won,5 wickets,15,won,2nd,v England,Mohali,23-01-2013,ODI # 3327,India,6
855,lost,5 wickets,15,lost,1st,v India,Mohali,23-01-2013,ODI # 3327,England,1
285,won,1 wickets,0,lost,2nd,v New Zealand,Potchefstroom,25-01-2013,ODI # 3328,SouthAfrica,3
562,lost,1 wickets,0,won,1st,v South Africa,Potchefstroom,25-01-2013,ODI # 3328,Newzealad,5
698,lost,7 wickets,16,lost,1st,v England,Dharamsala,27-01-2013,ODI # 3329,India,6
856,won,7 wickets,16,won,2nd,v India,Dharamsala,27-01-2013,ODI # 3329,England,1
1,lost,9 wickets,244,won,1st,v Australia,Perth,01-02-2013,ODI # 3330,WestIndies,4
1101,won,9 wickets,244,lost,2nd,v West Indies,Perth,01-02-2013,ODI # 3330,Australia,2
2,lost,54 runs,0,won,2nd,v Australia,Perth,03-02-2013,ODI # 3331,WestIndies,4
1102,won,54 runs,0,lost,1st,v West Indies,Perth,03-02-2013,ODI # 3331,Australia,2
3,lost,39 runs,0,lost,2nd,v Australia,Canberra,06-02-2013,ODI # 3332,WestIndies,4
1103,won,39 runs,0,won,1st,v West Indies,Canberra,06-02-2013,ODI # 3332,Australia,2
4,lost,5 wickets,31,won,1st,v Australia,Sydney,08-02-2013,ODI # 3333,WestIndies,4
1104,won,5 wickets,31,lost,2nd,v West Indies,Sydney,08-02-2013,ODI # 3333,Australia,2
5,lost,17 runs,0,won,2nd,v Australia,Melbourne,10-02-2013,ODI # 3334,WestIndies,4
1105,won,17 runs,0,lost,1st,v West Indies,Melbourne,10-02-2013,ODI # 3334,Australia,2
563,won,3 wickets,7,won,2nd,v England,Hamilton,17-02-2013,ODI # 3335,Newzealad,5
857,lost,3 wickets,7,lost,1st,v New Zealand,Hamilton,17-02-2013,ODI # 3335,England,1
564,lost,8 wickets,14,lost,1st,v England,Napier,20-02-2013,ODI # 3336,Newzealad,5
858,won,8 wickets,14,won,2nd,v New Zealand,Napier,20-02-2013,ODI # 3336,England,1
6,won,156 runs,0,lost,1st,v Zimbabwe,St George's,22-02-2013,ODI # 3337,WestIndies,4
565,lost,5 wickets,75,lost,1st,v England,Auckland,23-02-2013,ODI # 3338,Newzealad,5
859,won,5 wickets,75,won,2nd,v New Zealand,Auckland,23-02-2013,ODI # 3338,England,1
7,won,7 wickets,6,lost,2nd,v Zimbabwe,St George's,24-02-2013,ODI # 3339,WestIndies,4
8,won,5 wickets,22,lost,2nd,v Zimbabwe,St George's,26-02-2013,ODI # 3340,WestIndies,4
1231,won,7 wickets,97,lost,2nd,v Scotland,Sharjah,06-03-2013,ODI # 3341,Afghanistan,40
1232,won,5 wickets,8,won,2nd,v Scotland,Sharjah,08-03-2013,ODI # 3342,Afghanistan,40
286,won,125 runs,0,lost,1st,v Pakistan,Bloemfontein,10-03-2013,ODI # 3343,SouthAfrica,3
420,lost,125 runs,0,won,2nd,v South Africa,Bloemfontein,10-03-2013,ODI # 3343,Pakistan,7
287,lost,6 wickets,28,won,1st,v Pakistan,Centurion,15-03-2013,ODI # 3346,SouthAfrica,3
421,won,6 wickets,28,lost,2nd,v South Africa,Centurion,15-03-2013,ODI # 3346,Pakistan,7
288,won,34 runs,0,lost,1st,v Pakistan,Johannesburg,17-03-2013,ODI # 3347,SouthAfrica,3
422,lost,34 runs,0,won,2nd,v South Africa,Johannesburg,17-03-2013,ODI # 3347,Pakistan,7
289,lost,3 wickets,8,won,1st,v Pakistan,Durban,21-03-2013,ODI # 3348,SouthAfrica,3
423,won,3 wickets,8,lost,2nd,v South Africa,Durban,21-03-2013,ODI # 3348,Pakistan,7
126,won,8 wickets,32,won,2nd,v Bangladesh,Hambantota,23-03-2013,ODI # 3349,SriLanka,8
999,lost,8 wickets,32,lost,1st,v Sri Lanka,Hambantota,23-03-2013,ODI # 3349,Bangladesh,25
290,won,6 wickets,36,lost,2nd,v Pakistan,Benoni,24-03-2013,ODI # 3350,SouthAfrica,3
424,lost,6 wickets,36,won,1st,v South Africa,Benoni,24-03-2013,ODI # 3350,Pakistan,7
127,n/r,-,0,lost,1st,v Bangladesh,Hambantota,25-03-2013,ODI # 3351,SriLanka,8
1000,n/r,-,0,won,2nd,v Sri Lanka,Hambantota,25-03-2013,ODI # 3351,Bangladesh,25
128,lost,3 wickets,6,won,1st,v Bangladesh,Pallekele,28-03-2013,ODI # 3352,SriLanka,8
1001,won,3 wickets,6,lost,2nd,v Sri Lanka,Pallekele,28-03-2013,ODI # 3352,Bangladesh,25
1002,won,121 runs,0,lost,1st,v Zimbabwe,Bulawayo,03-05-2013,ODI # 3353,Bangladesh,25
1003,lost,6 wickets,13,lost,1st,v Zimbabwe,Bulawayo,05-05-2013,ODI # 3354,Bangladesh,25
1004,lost,7 wickets,17,lost,1st,v Zimbabwe,Bulawayo,08-05-2013,ODI # 3355,Bangladesh,25
425,won,96 runs,0,won,1st,v Scotland,Edinburgh,17-05-2013,ODI # 3356,Pakistan,7
427,tied,-,0,won,1st,v Ireland,Dublin,23-05-2013,ODI # 3357,Pakistan,7
428,won,2 wickets,8,won,2nd,v Ireland,Dublin,26-05-2013,ODI # 3358,Pakistan,7
291,won,83 runs,0,won,1st,v Netherlands,Amstelveen,31-05-2013,ODI # 3359,SouthAfrica,3
566,won,5 wickets,19,won,2nd,v England,Lord's,31-05-2013,ODI # 3360,Newzealad,5
860,lost,5 wickets,19,lost,1st,v New Zealand,Lord's,31-05-2013,ODI # 3360,England,1
567,won,86 runs,0,won,1st,v England,Southampton,02-06-2013,ODI # 3361,Newzealad,5
861,lost,86 runs,0,lost,2nd,v New Zealand,Southampton,02-06-2013,ODI # 3361,England,1
568,lost,34 runs,0,won,2nd,v England,Nottingham,05-06-2013,ODI # 3362,Newzealad,5
862,won,34 runs,0,lost,1st,v New Zealand,Nottingham,05-06-2013,ODI # 3362,England,1
292,lost,26 runs,0,won,2nd,v India,Cardiff,06-06-2013,ODI # 3363,SouthAfrica,3
699,won,26 runs,0,lost,1st,v South Africa,Cardiff,06-06-2013,ODI # 3363,India,6
9,won,2 wickets,56,won,2nd,v Pakistan,The Oval,07-06-2013,ODI # 3364,WestIndies,4
429,lost,2 wickets,56,lost,1st,v West Indies,The Oval,07-06-2013,ODI # 3364,Pakistan,7
863,won,48 runs,0,won,1st,v Australia,Birmingham,08-06-2013,ODI # 3365,England,1
1106,lost,48 runs,0,lost,2nd,v England,Birmingham,08-06-2013,ODI # 3365,Australia,2
129,lost,1 wickets,81,won,1st,v New Zealand,Cardiff,09-06-2013,ODI # 3366,SriLanka,8
569,won,1 wickets,81,lost,2nd,v Sri Lanka,Cardiff,09-06-2013,ODI # 3366,Newzealad,5
293,won,67 runs,0,won,1st,v Pakistan,Birmingham,10-06-2013,ODI # 3367,SouthAfrica,3
430,lost,67 runs,0,lost,2nd,v South Africa,Birmingham,10-06-2013,ODI # 3367,Pakistan,7
10,lost,8 wickets,65,lost,1st,v India,The Oval,11-06-2013,ODI # 3368,WestIndies,4
700,won,8 wickets,65,won,2nd,v West Indies,The Oval,11-06-2013,ODI # 3368,India,6
570,n/r,-,0,lost,2nd,v Australia,Birmingham,12-06-2013,ODI # 3369,Newzealad,5
1107,n/r,-,0,won,1st,v New Zealand,Birmingham,12-06-2013,ODI # 3369,Australia,2
130,won,7 wickets,17,won,2nd,v England,The Oval,13-06-2013,ODI # 3370,SriLanka,8
864,lost,7 wickets,17,lost,1st,v Sri Lanka,The Oval,13-06-2013,ODI # 3370,England,1
11,tied,-,0,won,2nd,v South Africa,Cardiff,14-06-2013,ODI # 3371,WestIndies,4
294,tied,-,0,lost,1st,v West Indies,Cardiff,14-06-2013,ODI # 3371,SouthAfrica,3
431,lost,8 wickets,17,lost,1st,v India,Birmingham,15-06-2013,ODI # 3372,Pakistan,7
701,won,8 wickets,17,won,2nd,v Pakistan,Birmingham,15-06-2013,ODI # 3372,India,6
571,lost,10 runs,0,won,2nd,v England,Cardiff,16-06-2013,ODI # 3373,Newzealad,5
865,won,10 runs,0,lost,1st,v New Zealand,Cardiff,16-06-2013,ODI # 3373,England,1
131,won,20 runs,0,lost,1st,v Australia,The Oval,17-06-2013,ODI # 3374,SriLanka,8
1108,lost,20 runs,0,won,2nd,v Sri Lanka,The Oval,17-06-2013,ODI # 3374,Australia,2
295,lost,7 wickets,75,lost,1st,v England,The Oval,19-06-2013,ODI # 3375,SouthAfrica,3
866,won,7 wickets,75,won,2nd,v South Africa,The Oval,19-06-2013,ODI # 3375,England,1
132,lost,8 wickets,90,lost,1st,v India,Cardiff,20-06-2013,ODI # 3376,SriLanka,8
702,won,8 wickets,90,won,2nd,v Sri Lanka,Cardiff,20-06-2013,ODI # 3376,India,6
703,won,5 runs,0,lost,1st,v England,Birmingham,23-06-2013,ODI # 3377,India,6
867,lost,5 runs,0,won,2nd,v India,Birmingham,23-06-2013,ODI # 3377,England,1
12,won,6 wickets,73,won,2nd,v Sri Lanka,Kingston,28-06-2013,ODI # 3378,WestIndies,4
133,lost,6 wickets,73,lost,1st,v West Indies,Kingston,28-06-2013,ODI # 3378,SriLanka,8
13,won,1 wickets,14,won,2nd,v India,Kingston,30-06-2013,ODI # 3380,WestIndies,4
704,lost,1 wickets,14,lost,1st,v West Indies,Kingston,30-06-2013,ODI # 3380,India,6
134,won,161 runs,0,lost,1st,v India,Kingston,02-07-2013,ODI # 3382,SriLanka,8
705,lost,161 runs,0,won,2nd,v Sri Lanka,Kingston,02-07-2013,ODI # 3382,India,6
14,lost,102 runs,0,won,2nd,v India,Port of Spain,05-07-2013,ODI # 3383,WestIndies,4
706,won,102 runs,0,lost,1st,v West Indies,Port of Spain,05-07-2013,ODI # 3383,India,6
15,lost,39 runs,0,won,2nd,v Sri Lanka,Port of Spain,07-07-2013,ODI # 3385,WestIndies,4
135,won,39 runs,0,lost,1st,v West Indies,Port of Spain,07-07-2013,ODI # 3385,SriLanka,8
136,lost,81 runs,0,won,2nd,v India,Port of Spain,09-07-2013,ODI # 3387,SriLanka,8
707,won,81 runs,0,lost,1st,v Sri Lanka,Port of Spain,09-07-2013,ODI # 3387,India,6
137,lost,1 wickets,2,lost,1st,v India,Port of Spain,11-07-2013,ODI # 3388,SriLanka,8
708,won,1 wickets,2,won,2nd,v Sri Lanka,Port of Spain,11-07-2013,ODI # 3388,India,6
16,lost,126 runs,0,won,2nd,v Pakistan,Providence,14-07-2013,ODI # 3389,WestIndies,4
432,won,126 runs,0,lost,1st,v West Indies,Providence,14-07-2013,ODI # 3389,Pakistan,7
17,won,37 runs,0,lost,1st,v Pakistan,Providence,16-07-2013,ODI # 3390,WestIndies,4
433,lost,37 runs,0,won,2nd,v West Indies,Providence,16-07-2013,ODI # 3390,Pakistan,7
18,tied,-,0,won,2nd,v Pakistan,Gros Islet,19-07-2013,ODI # 3391,WestIndies,4
434,tied,-,0,lost,1st,v West Indies,Gros Islet,19-07-2013,ODI # 3391,Pakistan,7
138,won,180 runs,0,lost,1st,v South Africa,Colombo (RPS),20-07-2013,ODI # 3392,SriLanka,8
296,lost,180 runs,0,won,2nd,v Sri Lanka,Colombo (RPS),20-07-2013,ODI # 3392,SouthAfrica,3
19,lost,6 wickets,6,lost,1st,v Pakistan,Gros Islet,21-07-2013,ODI # 3393,WestIndies,4
435,won,6 wickets,6,won,2nd,v West Indies,Gros Islet,21-07-2013,ODI # 3393,Pakistan,7
139,won,17 runs,0,won,1st,v South Africa,Colombo (RPS),23-07-2013,ODI # 3394,SriLanka,8
297,lost,17 runs,0,lost,2nd,v Sri Lanka,Colombo (RPS),23-07-2013,ODI # 3394,SouthAfrica,3
709,won,6 wickets,31,won,2nd,v Zimbabwe,Harare,24-07-2013,ODI # 3395,India,6
20,lost,4 wickets,1,lost,1st,v Pakistan,Gros Islet,24-07-2013,ODI # 3396,WestIndies,4
436,won,4 wickets,1,won,2nd,v West Indies,Gros Islet,24-07-2013,ODI # 3396,Pakistan,7
710,won,58 runs,0,lost,1st,v Zimbabwe,Harare,26-07-2013,ODI # 3397,India,6
140,lost,56 runs,0,lost,2nd,v South Africa,Pallekele,26-07-2013,ODI # 3398,SriLanka,8
298,won,56 runs,0,won,1st,v Sri Lanka,Pallekele,26-07-2013,ODI # 3398,SouthAfrica,3
711,won,7 wickets,87,won,2nd,v Zimbabwe,Harare,28-07-2013,ODI # 3399,India,6
141,won,8 wickets,36,lost,2nd,v South Africa,Pallekele,28-07-2013,ODI # 3400,SriLanka,8
299,lost,8 wickets,36,won,1st,v Sri Lanka,Pallekele,28-07-2013,ODI # 3400,SouthAfrica,3
142,won,128 runs,0,won,1st,v South Africa,Colombo (RPS),31-07-2013,ODI # 3401,SriLanka,8
300,lost,128 runs,0,lost,2nd,v Sri Lanka,Colombo (RPS),31-07-2013,ODI # 3401,SouthAfrica,3
712,won,9 wickets,115,won,2nd,v Zimbabwe,Bulawayo,01-08-2013,ODI # 3402,India,6
713,won,7 wickets,96,won,2nd,v Zimbabwe,Bulawayo,03-08-2013,ODI # 3403,India,6
437,lost,7 wickets,10,won,1st,v Zimbabwe,Harare,27-08-2013,ODI # 3404,Pakistan,7
438,won,90 runs,0,lost,1st,v Zimbabwe,Harare,29-08-2013,ODI # 3406,Pakistan,7
439,won,108 runs,0,lost,1st,v Zimbabwe,Harare,31-08-2013,ODI # 3408,Pakistan,7
868,won,6 wickets,42,won,2nd,v Ireland,Dublin (Malahide),03-09-2013,ODI # 3409,England,1
1109,won,200 runs,0,lost,1st,v Scotland,Edinburgh,03-09-2013,ODI # 3410,Australia,2
870,lost,88 runs,0,won,2nd,v Australia,Manchester,08-09-2013,ODI # 3412,England,1
1111,won,88 runs,0,lost,1st,v England,Manchester,08-09-2013,ODI # 3412,Australia,2
871,n/r,-,0,lost,1st,v Australia,Birmingham,11-09-2013,ODI # 3414,England,1
1112,n/r,-,0,won,2nd,v England,Birmingham,11-09-2013,ODI # 3414,Australia,2
872,won,3 wickets,3,won,2nd,v Australia,Cardiff,14-09-2013,ODI # 3415,England,1
1113,lost,3 wickets,3,lost,1st,v England,Cardiff,14-09-2013,ODI # 3415,Australia,2
873,lost,49 runs,0,lost,2nd,v Australia,Southampton,16-09-2013,ODI # 3416,England,1
1114,won,49 runs,0,won,1st,v England,Southampton,16-09-2013,ODI # 3416,Australia,2
1233,won,8 wickets,193,lost,2nd,v Kenya,Sharjah,02-10-2013,ODI # 3417,Afghanistan,40
1234,won,7 wickets,175,won,2nd,v Kenya,Sharjah,04-10-2013,ODI # 3418,Afghanistan,40
714,lost,72 runs,0,lost,2nd,v Australia,Pune,13-10-2013,ODI # 3419,India,6
1115,won,72 runs,0,won,1st,v India,Pune,13-10-2013,ODI # 3419,Australia,2
715,won,9 wickets,39,lost,2nd,v Australia,Jaipur,16-10-2013,ODI # 3420,India,6
1116,lost,9 wickets,39,won,1st,v India,Jaipur,16-10-2013,ODI # 3420,Australia,2
716,lost,4 wickets,3,lost,1st,v Australia,Mohali,19-10-2013,ODI # 3421,India,6
1117,won,4 wickets,3,won,2nd,v India,Mohali,19-10-2013,ODI # 3421,Australia,2
717,n/r,-,0,won,2nd,v Australia,Ranchi,23-10-2013,ODI # 3422,India,6
1118,n/r,-,0,lost,1st,v India,Ranchi,23-10-2013,ODI # 3422,Australia,2
572,lost,43 runs,0,won,2nd,v Bangladesh,Dhaka,29-10-2013,ODI # 3423,Newzealad,5
1005,won,43 runs,0,lost,1st,v New Zealand,Dhaka,29-10-2013,ODI # 3423,Bangladesh,25
719,won,6 wickets,3,won,2nd,v Australia,Nagpur,30-10-2013,ODI # 3424,India,6
1120,lost,6 wickets,3,lost,1st,v India,Nagpur,30-10-2013,ODI # 3424,Australia,2
301,won,1 runs,0,won,1st,v Pakistan,Sharjah,30-10-2013,ODI # 3425,SouthAfrica,3
440,lost,1 runs,0,lost,2nd,v South Africa,Sharjah,30-10-2013,ODI # 3425,Pakistan,7
573,lost,40 runs,0,lost,2nd,v Bangladesh,Dhaka,31-10-2013,ODI # 3426,Newzealad,5
1006,won,40 runs,0,won,1st,v New Zealand,Dhaka,31-10-2013,ODI # 3426,Bangladesh,25
302,lost,66 runs,0,lost,2nd,v Pakistan,Dubai (DSC),01-11-2013,ODI # 3427,SouthAfrica,3
441,won,66 runs,0,won,1st,v South Africa,Dubai (DSC),01-11-2013,ODI # 3427,Pakistan,7
720,won,57 runs,0,lost,1st,v Australia,Bengaluru,02-11-2013,ODI # 3428,India,6
1121,lost,57 runs,0,won,2nd,v India,Bengaluru,02-11-2013,ODI # 3428,Australia,2
574,lost,4 wickets,4,lost,1st,v Bangladesh,Fatullah,03-11-2013,ODI # 3429,Newzealad,5
1007,won,4 wickets,4,won,2nd,v New Zealand,Fatullah,03-11-2013,ODI # 3429,Bangladesh,25
303,won,68 runs,0,won,1st,v Pakistan,Abu Dhabi,06-11-2013,ODI # 3430,SouthAfrica,3
442,lost,68 runs,0,lost,2nd,v South Africa,Abu Dhabi,06-11-2013,ODI # 3430,Pakistan,7
304,won,28 runs,0,won,1st,v Pakistan,Abu Dhabi,08-11-2013,ODI # 3431,SouthAfrica,3
443,lost,28 runs,0,lost,2nd,v South Africa,Abu Dhabi,08-11-2013,ODI # 3431,Pakistan,7
143,n/r,-,0,lost,1st,v New Zealand,Hambantota,10-11-2013,ODI # 3432,SriLanka,8
575,n/r,-,0,won,2nd,v Sri Lanka,Hambantota,10-11-2013,ODI # 3432,Newzealad,5
305,won,117 runs,0,won,1st,v Pakistan,Sharjah,11-11-2013,ODI # 3433,SouthAfrica,3
444,lost,117 runs,0,lost,2nd,v South Africa,Sharjah,11-11-2013,ODI # 3433,Pakistan,7
144,lost,4 wickets,0,won,1st,v New Zealand,Hambantota,12-11-2013,ODI # 3434,SriLanka,8
576,won,4 wickets,0,lost,2nd,v Sri Lanka,Hambantota,12-11-2013,ODI # 3434,Newzealad,5
145,won,36 runs,0,lost,1st,v New Zealand,Dambulla,16-11-2013,ODI # 3435,SriLanka,8
577,lost,36 runs,0,won,2nd,v Sri Lanka,Dambulla,16-11-2013,ODI # 3435,Newzealad,5
21,lost,6 wickets,88,won,1st,v India,Kochi,21-11-2013,ODI # 3436,WestIndies,4
721,won,6 wickets,88,lost,2nd,v West Indies,Kochi,21-11-2013,ODI # 3436,India,6
22,won,2 wickets,3,won,2nd,v India,Visakhapatnam,24-11-2013,ODI # 3437,WestIndies,4
722,lost,2 wickets,3,lost,1st,v West Indies,Visakhapatnam,24-11-2013,ODI # 3437,India,6
306,lost,23 runs,0,lost,2nd,v Pakistan,Cape Town,24-11-2013,ODI # 3438,SouthAfrica,3
445,won,23 runs,0,won,1st,v South Africa,Cape Town,24-11-2013,ODI # 3438,Pakistan,7
23,lost,5 wickets,23,lost,1st,v India,Kanpur,27-11-2013,ODI # 3439,WestIndies,4
723,won,5 wickets,23,won,2nd,v West Indies,Kanpur,27-11-2013,ODI # 3439,India,6
307,lost,1 runs,0,won,2nd,v Pakistan,Port Elizabeth,27-11-2013,ODI # 3440,SouthAfrica,3
446,won,1 runs,0,lost,1st,v South Africa,Port Elizabeth,27-11-2013,ODI # 3440,Pakistan,7
308,won,4 wickets,68,won,2nd,v Pakistan,Centurion,30-11-2013,ODI # 3441,SouthAfrica,3
447,lost,4 wickets,68,lost,1st,v South Africa,Centurion,30-11-2013,ODI # 3441,Pakistan,7
309,won,141 runs,0,lost,1st,v India,Johannesburg,05-12-2013,ODI # 3442,SouthAfrica,3
724,lost,141 runs,0,won,2nd,v South Africa,Johannesburg,05-12-2013,ODI # 3442,India,6
310,won,134 runs,0,lost,1st,v India,Durban,08-12-2013,ODI # 3443,SouthAfrica,3
725,lost,134 runs,0,won,2nd,v South Africa,Durban,08-12-2013,ODI # 3443,India,6
311,n/r,-,0,won,1st,v India,Centurion,11-12-2013,ODI # 3444,SouthAfrica,3
726,n/r,-,0,lost,2nd,v South Africa,Centurion,11-12-2013,ODI # 3444,India,6
146,lost,11 runs,0,lost,2nd,v Pakistan,Sharjah,18-12-2013,ODI # 3445,SriLanka,8
448,won,11 runs,0,won,1st,v Sri Lanka,Sharjah,18-12-2013,ODI # 3445,Pakistan,7
147,won,2 wickets,2,won,2nd,v Pakistan,Dubai (DSC),20-12-2013,ODI # 3446,SriLanka,8
449,lost,2 wickets,2,lost,1st,v Sri Lanka,Dubai (DSC),20-12-2013,ODI # 3446,Pakistan,7
148,lost,113 runs,0,won,2nd,v Pakistan,Sharjah,22-12-2013,ODI # 3447,SriLanka,8
450,won,113 runs,0,lost,1st,v Sri Lanka,Sharjah,22-12-2013,ODI # 3447,Pakistan,7
149,lost,8 wickets,53,won,1st,v Pakistan,Abu Dhabi,25-12-2013,ODI # 3448,SriLanka,8
451,won,8 wickets,53,lost,2nd,v Sri Lanka,Abu Dhabi,25-12-2013,ODI # 3448,Pakistan,7
24,won,2 wickets,135,won,2nd,v New Zealand,Auckland,26-12-2013,ODI # 3449,WestIndies,4
578,lost,2 wickets,135,lost,1st,v West Indies,Auckland,26-12-2013,ODI # 3449,Newzealad,5
150,won,2 wickets,2,lost,2nd,v Pakistan,Abu Dhabi,27-12-2013,ODI # 3450,SriLanka,8
452,lost,2 wickets,2,won,1st,v Sri Lanka,Abu Dhabi,27-12-2013,ODI # 3450,Pakistan,7
26,lost,159 runs,0,won,2nd,v New Zealand,Queenstown,01-01-2014,ODI # 3451,WestIndies,4
580,won,159 runs,0,lost,1st,v West Indies,Queenstown,01-01-2014,ODI # 3451,Newzealad,5
27,lost,58 runs,0,lost,2nd,v New Zealand,Nelson,04-01-2014,ODI # 3452,WestIndies,4
581,won,58 runs,0,won,1st,v West Indies,Nelson,04-01-2014,ODI # 3452,Newzealad,5
28,won,203 runs,0,lost,1st,v New Zealand,Hamilton,08-01-2014,ODI # 3453,WestIndies,4
582,lost,203 runs,0,won,2nd,v West Indies,Hamilton,08-01-2014,ODI # 3453,Newzealad,5
874,lost,6 wickets,26,won,1st,v Australia,Melbourne,12-01-2014,ODI # 3454,England,1
1122,won,6 wickets,26,lost,2nd,v England,Melbourne,12-01-2014,ODI # 3454,Australia,2
875,lost,1 wickets,3,won,1st,v Australia,Brisbane,17-01-2014,ODI # 3455,England,1
1123,won,1 wickets,3,lost,2nd,v England,Brisbane,17-01-2014,ODI # 3455,Australia,2
583,won,24 runs,0,lost,1st,v India,Napier,19-01-2014,ODI # 3456,Newzealad,5
727,lost,24 runs,0,won,2nd,v New Zealand,Napier,19-01-2014,ODI # 3456,India,6
876,lost,7 wickets,60,won,1st,v Australia,Sydney,19-01-2014,ODI # 3457,England,1
1124,won,7 wickets,60,lost,2nd,v England,Sydney,19-01-2014,ODI # 3457,Australia,2
584,won,15 runs,0,lost,1st,v India,Hamilton,22-01-2014,ODI # 3458,Newzealad,5
728,lost,15 runs,0,won,2nd,v New Zealand,Hamilton,22-01-2014,ODI # 3458,India,6
877,won,57 runs,0,lost,1st,v Australia,Perth,24-01-2014,ODI # 3461,England,1
1125,lost,57 runs,0,won,2nd,v England,Perth,24-01-2014,ODI # 3461,Australia,2
585,tied,-,0,lost,1st,v India,Auckland,25-01-2014,ODI # 3462,Newzealad,5
729,tied,-,0,won,2nd,v New Zealand,Auckland,25-01-2014,ODI # 3462,India,6
878,lost,5 runs,0,lost,2nd,v Australia,Adelaide,26-01-2014,ODI # 3463,England,1
1126,won,5 runs,0,won,1st,v England,Adelaide,26-01-2014,ODI # 3463,Australia,2
586,won,7 wickets,11,lost,2nd,v India,Hamilton,28-01-2014,ODI # 3465,Newzealad,5
730,lost,7 wickets,11,won,1st,v New Zealand,Hamilton,28-01-2014,ODI # 3465,India,6
587,won,87 runs,0,lost,1st,v India,Wellington,31-01-2014,ODI # 3467,Newzealad,5
731,lost,87 runs,0,won,2nd,v New Zealand,Wellington,31-01-2014,ODI # 3467,India,6
151,won,13 runs,0,lost,1st,v Bangladesh,Dhaka,17-02-2014,ODI # 3469,SriLanka,8
1008,lost,13 runs,0,won,2nd,v Sri Lanka,Dhaka,17-02-2014,ODI # 3469,Bangladesh,25
152,won,61 runs,0,won,1st,v Bangladesh,Dhaka,20-02-2014,ODI # 3470,SriLanka,8
1009,lost,61 runs,0,lost,2nd,v Sri Lanka,Dhaka,20-02-2014,ODI # 3470,Bangladesh,25
153,won,6 wickets,15,won,2nd,v Bangladesh,Dhaka,22-02-2014,ODI # 3471,SriLanka,8
1010,lost,6 wickets,15,lost,1st,v Sri Lanka,Dhaka,22-02-2014,ODI # 3471,Bangladesh,25
29,won,4 wickets,80,lost,2nd,v Ireland,Kingston,23-02-2014,ODI # 3472,WestIndies,4
154,won,12 runs,0,won,1st,v Pakistan,Fatullah,25-02-2014,ODI # 3473,SriLanka,8
453,lost,12 runs,0,lost,2nd,v Sri Lanka,Fatullah,25-02-2014,ODI # 3473,Pakistan,7
732,won,6 wickets,6,won,2nd,v Bangladesh,Fatullah,26-02-2014,ODI # 3474,India,6
1011,lost,6 wickets,6,lost,1st,v India,Fatullah,26-02-2014,ODI # 3474,Bangladesh,25
454,won,72 runs,0,lost,1st,v Afghanistan,Fatullah,27-02-2014,ODI # 3475,Pakistan,7
1235,lost,72 runs,0,won,2nd,v Pakistan,Fatullah,27-02-2014,ODI # 3475,Afghanistan,40
155,won,2 wickets,4,won,2nd,v India,Fatullah,28-02-2014,ODI # 3476,SriLanka,8
733,lost,2 wickets,4,lost,1st,v Sri Lanka,Fatullah,28-02-2014,ODI # 3476,India,6
30,won,15 runs,0,lost,1st,v England,North Sound,28-02-2014,ODI # 3477,WestIndies,4
879,lost,15 runs,0,won,2nd,v West Indies,North Sound,28-02-2014,ODI # 3477,England,1
1012,lost,32 runs,0,won,2nd,v Afghanistan,Fatullah,01-03-2014,ODI # 3478,Bangladesh,25
1236,won,32 runs,0,lost,1st,v Bangladesh,Fatullah,01-03-2014,ODI # 3478,Afghanistan,40
455,won,1 wickets,2,won,2nd,v India,Dhaka,02-03-2014,ODI # 3479,Pakistan,7
734,lost,1 wickets,2,lost,1st,v Pakistan,Dhaka,02-03-2014,ODI # 3479,India,6
31,lost,3 wickets,31,lost,1st,v England,North Sound,02-03-2014,ODI # 3480,WestIndies,4
880,won,3 wickets,31,won,2nd,v West Indies,North Sound,02-03-2014,ODI # 3480,England,1
156,won,129 runs,0,won,1st,v Afghanistan,Dhaka,03-03-2014,ODI # 3481,SriLanka,8
1237,lost,129 runs,0,lost,2nd,v Sri Lanka,Dhaka,03-03-2014,ODI # 3481,Afghanistan,40
456,won,3 wickets,1,lost,2nd,v Bangladesh,Dhaka,04-03-2014,ODI # 3482,Pakistan,7
1013,lost,3 wickets,1,won,1st,v Pakistan,Dhaka,04-03-2014,ODI # 3482,Bangladesh,25
735,won,8 wickets,106,won,2nd,v Afghanistan,Dhaka,05-03-2014,ODI # 3483,India,6
1238,lost,8 wickets,106,lost,1st,v India,Dhaka,05-03-2014,ODI # 3483,Afghanistan,40
32,lost,25 runs,0,won,2nd,v England,North Sound,05-03-2014,ODI # 3484,WestIndies,4
881,won,25 runs,0,lost,1st,v West Indies,North Sound,05-03-2014,ODI # 3484,England,1
157,won,3 wickets,6,lost,2nd,v Bangladesh,Dhaka,06-03-2014,ODI # 3485,SriLanka,8
1014,lost,3 wickets,6,won,1st,v Sri Lanka,Dhaka,06-03-2014,ODI # 3485,Bangladesh,25
158,won,5 wickets,22,lost,2nd,v Pakistan,Dhaka,08-03-2014,ODI # 3486,SriLanka,8
457,lost,5 wickets,22,won,1st,v Sri Lanka,Dhaka,08-03-2014,ODI # 3486,Pakistan,7
1239,won,6 wickets,41,won,2nd,v Hong Kong,Kuala Lumpur,01-05-2014,ODI # 3487,Afghanistan,40
1240,won,70 runs,0,lost,1st,v U.A.E.,Kuala Lumpur,02-05-2014,ODI # 3488,Afghanistan,40
159,won,79 runs,0,lost,1st,v Ireland,Dublin,06-05-2014,ODI # 3490,SriLanka,8
882,won,39 runs,0,lost,1st,v Scotland,Aberdeen,09-05-2014,ODI # 3491,England,1
161,lost,81 runs,0,won,2nd,v England,The Oval,22-05-2014,ODI # 3492,SriLanka,8
883,won,81 runs,0,lost,1st,v Sri Lanka,The Oval,22-05-2014,ODI # 3492,England,1
162,won,157 runs,0,lost,1st,v England,Chester-le-Street,25-05-2014,ODI # 3493,SriLanka,8
884,lost,157 runs,0,won,2nd,v Sri Lanka,Chester-le-Street,25-05-2014,ODI # 3493,England,1
163,lost,10 wickets,227,lost,1st,v England,Manchester,28-05-2014,ODI # 3494,SriLanka,8
885,won,10 wickets,227,won,2nd,v Sri Lanka,Manchester,28-05-2014,ODI # 3494,England,1
164,won,7 runs,0,lost,1st,v England,Lord's,31-05-2014,ODI # 3495,SriLanka,8
886,lost,7 runs,0,won,2nd,v Sri Lanka,Lord's,31-05-2014,ODI # 3495,England,1
165,won,6 wickets,10,lost,2nd,v England,Birmingham,03-06-2014,ODI # 3496,SriLanka,8
887,lost,6 wickets,10,won,1st,v Sri Lanka,Birmingham,03-06-2014,ODI # 3496,England,1
736,won,7 wickets,7,lost,2nd,v Bangladesh,Dhaka,15-06-2014,ODI # 3497,India,6
1015,lost,7 wickets,7,won,1st,v India,Dhaka,15-06-2014,ODI # 3497,Bangladesh,25
737,won,47 runs,0,lost,1st,v Bangladesh,Dhaka,17-06-2014,ODI # 3498,India,6
1016,lost,47 runs,0,won,2nd,v India,Dhaka,17-06-2014,ODI # 3498,Bangladesh,25
738,n/r,-,0,won,1st,v Bangladesh,Dhaka,19-06-2014,ODI # 3499,India,6
1017,n/r,-,0,lost,2nd,v India,Dhaka,19-06-2014,ODI # 3499,Bangladesh,25
166,lost,75 runs,0,lost,2nd,v South Africa,Colombo (RPS),06-07-2014,ODI # 3500,SriLanka,8
312,won,75 runs,0,won,1st,v Sri Lanka,Colombo (RPS),06-07-2014,ODI # 3500,SouthAfrica,3
167,won,87 runs,0,won,1st,v South Africa,Pallekele,09-07-2014,ODI # 3501,SriLanka,8
313,lost,87 runs,0,lost,2nd,v Sri Lanka,Pallekele,09-07-2014,ODI # 3501,SouthAfrica,3
168,lost,82 runs,0,lost,2nd,v South Africa,Hambantota,12-07-2014,ODI # 3502,SriLanka,8
314,won,82 runs,0,won,1st,v Sri Lanka,Hambantota,12-07-2014,ODI # 3502,SouthAfrica,3
1241,lost,6 wickets,28,lost,1st,v Zimbabwe,Bulawayo,18-07-2014,ODI # 3503,Afghanistan,40
1242,lost,8 wickets,39,lost,1st,v Zimbabwe,Bulawayo,20-07-2014,ODI # 3504,Afghanistan,40
1243,won,2 wickets,2,won,2nd,v Zimbabwe,Bulawayo,22-07-2014,ODI # 3505,Afghanistan,40
1244,won,100 runs,0,lost,1st,v Zimbabwe,Bulawayo,24-07-2014,ODI # 3506,Afghanistan,40
315,won,93 runs,0,lost,1st,v Zimbabwe,Bulawayo,17-08-2014,ODI # 3507,SouthAfrica,3
316,won,61 runs,0,lost,1st,v Zimbabwe,Bulawayo,19-08-2014,ODI # 3508,SouthAfrica,3
33,won,3 wickets,62,won,2nd,v Bangladesh,St George's,20-08-2014,ODI # 3509,WestIndies,4
1018,lost,3 wickets,62,lost,1st,v West Indies,St George's,20-08-2014,ODI # 3509,Bangladesh,25
317,won,7 wickets,136,won,2nd,v Zimbabwe,Bulawayo,21-08-2014,ODI # 3510,SouthAfrica,3
34,won,177 runs,0,lost,1st,v Bangladesh,St George's,22-08-2014,ODI # 3511,WestIndies,4
1019,lost,177 runs,0,won,2nd,v West Indies,St George's,22-08-2014,ODI # 3511,Bangladesh,25
169,lost,4 wickets,1,lost,1st,v Pakistan,Hambantota,23-08-2014,ODI # 3512,SriLanka,8
458,won,4 wickets,1,won,2nd,v Sri Lanka,Hambantota,23-08-2014,ODI # 3512,Pakistan,7
1127,won,198 runs,0,lost,1st,v Zimbabwe,Harare,25-08-2014,ODI # 3513,Australia,2
35,won,91 runs,0,won,1st,v Bangladesh,Basseterre,25-08-2014,ODI # 3514,WestIndies,4
1020,lost,91 runs,0,lost,2nd,v West Indies,Basseterre,25-08-2014,ODI # 3514,Bangladesh,25
170,won,77 runs,0,won,1st,v Pakistan,Hambantota,26-08-2014,ODI # 3515,SriLanka,8
459,lost,77 runs,0,lost,2nd,v Sri Lanka,Hambantota,26-08-2014,ODI # 3515,Pakistan,7
318,won,7 wickets,20,won,2nd,v Australia,Harare,27-08-2014,ODI # 3516,SouthAfrica,3
1128,lost,7 wickets,20,lost,1st,v South Africa,Harare,27-08-2014,ODI # 3516,Australia,2
740,won,133 runs,0,lost,1st,v England,Cardiff,27-08-2014,ODI # 3517,India,6
889,lost,133 runs,0,won,2nd,v India,Cardiff,27-08-2014,ODI # 3517,England,1
319,won,61 runs,0,lost,1st,v Zimbabwe,Harare,29-08-2014,ODI # 3518,SouthAfrica,3
171,won,7 wickets,178,lost,2nd,v Pakistan,Dambulla,30-08-2014,ODI # 3519,SriLanka,8
460,lost,7 wickets,178,won,1st,v Sri Lanka,Dambulla,30-08-2014,ODI # 3519,Pakistan,7
741,won,6 wickets,42,won,2nd,v England,Nottingham,30-08-2014,ODI # 3520,India,6
890,lost,6 wickets,42,lost,1st,v India,Nottingham,30-08-2014,ODI # 3520,England,1
1129,lost,3 wickets,12,won,1st,v Zimbabwe,Harare,31-08-2014,ODI # 3521,Australia,2
320,lost,62 runs,0,won,2nd,v Australia,Harare,02-09-2014,ODI # 3522,SouthAfrica,3
1130,won,62 runs,0,lost,1st,v South Africa,Harare,02-09-2014,ODI # 3522,Australia,2
742,won,9 wickets,117,won,2nd,v England,Birmingham,02-09-2014,ODI # 3523,India,6
891,lost,9 wickets,117,lost,1st,v India,Birmingham,02-09-2014,ODI # 3523,England,1
321,won,63 runs,0,lost,1st,v Zimbabwe,Harare,04-09-2014,ODI # 3524,SouthAfrica,3
743,lost,41 runs,0,won,2nd,v England,Leeds,05-09-2014,ODI # 3525,India,6
892,won,41 runs,0,lost,1st,v India,Leeds,05-09-2014,ODI # 3525,England,1
322,won,6 wickets,55,won,2nd,v Australia,Harare,06-09-2014,ODI # 3526,SouthAfrica,3
1131,lost,6 wickets,55,lost,1st,v South Africa,Harare,06-09-2014,ODI # 3526,Australia,2
461,lost,93 runs,0,lost,2nd,v Australia,Sharjah,07-10-2014,ODI # 3530,Pakistan,7
1132,won,93 runs,0,won,1st,v Pakistan,Sharjah,07-10-2014,ODI # 3530,Australia,2
36,won,124 runs,0,lost,1st,v India,Kochi,08-10-2014,ODI # 3531,WestIndies,4
744,lost,124 runs,0,won,2nd,v West Indies,Kochi,08-10-2014,ODI # 3531,India,6
462,lost,5 wickets,40,won,1st,v Australia,Dubai (DSC),10-10-2014,ODI # 3532,Pakistan,7
1133,won,5 wickets,40,lost,2nd,v Pakistan,Dubai (DSC),10-10-2014,ODI # 3532,Australia,2
37,lost,48 runs,0,lost,2nd,v India,Delhi,11-10-2014,ODI # 3533,WestIndies,4
745,won,48 runs,0,won,1st,v West Indies,Delhi,11-10-2014,ODI # 3533,India,6
463,lost,1 runs,0,lost,2nd,v Australia,Abu Dhabi,12-10-2014,ODI # 3534,Pakistan,7
1134,won,1 runs,0,won,1st,v Pakistan,Abu Dhabi,12-10-2014,ODI # 3534,Australia,2
39,lost,59 runs,0,won,2nd,v India,Dharamsala,17-10-2014,ODI # 3535,WestIndies,4
747,won,59 runs,0,lost,1st,v West Indies,Dharamsala,17-10-2014,ODI # 3535,India,6
323,won,6 wickets,11,won,2nd,v New Zealand,Mount Maunganui,21-10-2014,ODI # 3536,SouthAfrica,3
588,lost,6 wickets,11,lost,1st,v South Africa,Mount Maunganui,21-10-2014,ODI # 3536,Newzealad,5
324,won,72 runs,0,lost,1st,v New Zealand,Mount Maunganui,24-10-2014,ODI # 3537,SouthAfrica,3
589,lost,72 runs,0,won,2nd,v South Africa,Mount Maunganui,24-10-2014,ODI # 3537,Newzealad,5
325,n/r,-,0,lost,1st,v New Zealand,Hamilton,27-10-2014,ODI # 3538,SouthAfrica,3
590,n/r,-,0,won,2nd,v South Africa,Hamilton,27-10-2014,ODI # 3538,Newzealad,5
172,lost,169 runs,0,won,2nd,v India,Cuttack,02-11-2014,ODI # 3539,SriLanka,8
749,won,169 runs,0,lost,1st,v Sri Lanka,Cuttack,02-11-2014,ODI # 3539,India,6
173,lost,6 wickets,33,won,1st,v India,Ahmedabad,06-11-2014,ODI # 3540,SriLanka,8
750,won,6 wickets,33,lost,2nd,v Sri Lanka,Ahmedabad,06-11-2014,ODI # 3540,India,6
174,lost,6 wickets,35,won,1st,v India,Hyderabad (Deccan),09-11-2014,ODI # 3543,SriLanka,8
751,won,6 wickets,35,lost,2nd,v Sri Lanka,Hyderabad (Deccan),09-11-2014,ODI # 3543,India,6
175,lost,153 runs,0,lost,2nd,v India,Kolkata,13-11-2014,ODI # 3544,SriLanka,8
752,won,153 runs,0,won,1st,v Sri Lanka,Kolkata,13-11-2014,ODI # 3544,India,6
326,lost,32 runs,0,won,2nd,v Australia,Perth,14-11-2014,ODI # 3545,SouthAfrica,3
1135,won,32 runs,0,lost,1st,v South Africa,Perth,14-11-2014,ODI # 3545,Australia,2
327,won,3 wickets,134,lost,2nd,v Australia,Perth,16-11-2014,ODI # 3546,SouthAfrica,3
1136,lost,3 wickets,134,won,1st,v South Africa,Perth,16-11-2014,ODI # 3546,Australia,2
176,lost,3 wickets,8,won,1st,v India,Ranchi,16-11-2014,ODI # 3547,SriLanka,8
753,won,3 wickets,8,lost,2nd,v Sri Lanka,Ranchi,16-11-2014,ODI # 3547,India,6
328,lost,73 runs,0,lost,2nd,v Australia,Canberra,19-11-2014,ODI # 3548,SouthAfrica,3
1137,won,73 runs,0,won,1st,v South Africa,Canberra,19-11-2014,ODI # 3548,Australia,2
329,lost,3 wickets,6,won,1st,v Australia,Melbourne,21-11-2014,ODI # 3549,SouthAfrica,3
1138,won,3 wickets,6,lost,2nd,v South Africa,Melbourne,21-11-2014,ODI # 3549,Australia,2
1021,won,87 runs,0,lost,1st,v Zimbabwe,Chattogram,21-11-2014,ODI # 3550,Bangladesh,25
330,lost,2 wickets,5,won,1st,v Australia,Sydney,23-11-2014,ODI # 3551,SouthAfrica,3
1139,won,2 wickets,5,lost,2nd,v South Africa,Sydney,23-11-2014,ODI # 3551,Australia,2
1022,won,68 runs,0,won,1st,v Zimbabwe,Chattogram,23-11-2014,ODI # 3552,Bangladesh,25
1023,won,124 runs,0,lost,1st,v Zimbabwe,Dhaka,26-11-2014,ODI # 3553,Bangladesh,25
177,won,25 runs,0,lost,1st,v England,Colombo (RPS),26-11-2014,ODI # 3554,SriLanka,8
893,lost,25 runs,0,won,2nd,v Sri Lanka,Colombo (RPS),26-11-2014,ODI # 3554,England,1
1024,won,21 runs,0,won,1st,v Zimbabwe,Dhaka,28-11-2014,ODI # 3555,Bangladesh,25
1245,lost,5 wickets,8,won,1st,v U.A.E.,ICCA Dubai,28-11-2014,ODI # 3556,Afghanistan,40
178,won,8 wickets,64,lost,2nd,v England,Colombo (RPS),29-11-2014,ODI # 3557,SriLanka,8
894,lost,8 wickets,64,won,1st,v Sri Lanka,Colombo (RPS),29-11-2014,ODI # 3557,England,1
1246,lost,6 wickets,10,lost,1st,v U.A.E.,ICCA Dubai,30-11-2014,ODI # 3558,Afghanistan,40
1025,won,5 wickets,153,lost,2nd,v Zimbabwe,Dhaka,01-12-2014,ODI # 3559,Bangladesh,25
1247,won,2 wickets,2,won,2nd,v U.A.E.,ICCA Dubai,02-12-2014,ODI # 3560,Afghanistan,40
179,lost,5 wickets,8,won,1st,v England,Hambantota,03-12-2014,ODI # 3561,SriLanka,8
895,won,5 wickets,8,lost,2nd,v Sri Lanka,Hambantota,03-12-2014,ODI # 3561,England,1
1248,lost,30 runs,0,won,2nd,v U.A.E.,ICCA Dubai,04-12-2014,ODI # 3562,Afghanistan,40
180,won,6 wickets,2,lost,2nd,v England,Colombo (RPS),07-12-2014,ODI # 3563,SriLanka,8
896,lost,6 wickets,2,won,1st,v Sri Lanka,Colombo (RPS),07-12-2014,ODI # 3563,England,1
464,won,3 wickets,3,won,2nd,v New Zealand,Dubai (DSC),08-12-2014,ODI # 3564,Pakistan,7
591,lost,3 wickets,3,lost,1st,v Pakistan,Dubai (DSC),08-12-2014,ODI # 3564,Newzealad,5
181,lost,5 wickets,5,lost,1st,v England,Pallekele,10-12-2014,ODI # 3565,SriLanka,8
897,won,5 wickets,5,won,2nd,v Sri Lanka,Pallekele,10-12-2014,ODI # 3565,England,1
465,lost,4 wickets,24,won,1st,v New Zealand,Sharjah,12-12-2014,ODI # 3566,Pakistan,7
592,won,4 wickets,24,lost,2nd,v Pakistan,Sharjah,12-12-2014,ODI # 3566,Newzealad,5
182,won,90 runs,0,won,1st,v England,Pallekele,13-12-2014,ODI # 3567,SriLanka,8
898,lost,90 runs,0,lost,2nd,v Sri Lanka,Pallekele,13-12-2014,ODI # 3567,England,1
466,won,147 runs,0,won,1st,v New Zealand,Sharjah,14-12-2014,ODI # 3568,Pakistan,7
593,lost,147 runs,0,lost,2nd,v Pakistan,Sharjah,14-12-2014,ODI # 3568,Newzealad,5
183,won,87 runs,0,won,1st,v England,Colombo (RPS),16-12-2014,ODI # 3569,SriLanka,8
899,lost,87 runs,0,lost,2nd,v Sri Lanka,Colombo (RPS),16-12-2014,ODI # 3569,England,1
467,lost,7 runs,0,lost,2nd,v New Zealand,Abu Dhabi,17-12-2014,ODI # 3570,Pakistan,7
594,won,7 runs,0,won,1st,v Pakistan,Abu Dhabi,17-12-2014,ODI # 3570,Newzealad,5
468,lost,68 runs,0,lost,2nd,v New Zealand,Abu Dhabi,19-12-2014,ODI # 3571,Pakistan,7
595,won,68 runs,0,won,1st,v Pakistan,Abu Dhabi,19-12-2014,ODI # 3571,Newzealad,5
1249,won,8 wickets,42,won,2nd,v Scotland,ICCA Dubai,08-01-2015,ODI # 3572,Afghanistan,40
1250,lost,3 wickets,40,lost,1st,v Ireland,Dubai (DSC),10-01-2015,ODI # 3573,Afghanistan,40
184,lost,3 wickets,42,won,1st,v New Zealand,Christchurch,11-01-2015,ODI # 3574,SriLanka,8
596,won,3 wickets,42,lost,2nd,v Sri Lanka,Christchurch,11-01-2015,ODI # 3574,Newzealad,5
1251,lost,150 runs,0,lost,2nd,v Scotland,Abu Dhabi,14-01-2015,ODI # 3576,Afghanistan,40
185,won,6 wickets,14,lost,2nd,v New Zealand,Hamilton,15-01-2015,ODI # 3577,SriLanka,8
597,lost,6 wickets,14,won,1st,v Sri Lanka,Hamilton,15-01-2015,ODI # 3577,Newzealad,5
900,lost,3 wickets,61,won,1st,v Australia,Sydney,16-01-2015,ODI # 3578,England,1
1140,won,3 wickets,61,lost,2nd,v England,Sydney,16-01-2015,ODI # 3578,Australia,2
41,lost,61 runs,0,lost,2nd,v South Africa,Durban,16-01-2015,ODI # 3579,WestIndies,4
331,won,61 runs,0,won,1st,v West Indies,Durban,16-01-2015,ODI # 3579,SouthAfrica,3
186,n/r,-,0,won,2nd,v New Zealand,Auckland,17-01-2015,ODI # 3580,SriLanka,8
598,n/r,-,0,lost,1st,v Sri Lanka,Auckland,17-01-2015,ODI # 3580,Newzealad,5
1252,won,71 runs,0,lost,1st,v Ireland,Dubai (DSC),17-01-2015,ODI # 3581,Afghanistan,40
754,lost,4 wickets,6,won,1st,v Australia,Melbourne,18-01-2015,ODI # 3582,India,6
1141,won,4 wickets,6,lost,2nd,v India,Melbourne,18-01-2015,ODI # 3582,Australia,2
42,lost,148 runs,0,won,2nd,v South Africa,Johannesburg,18-01-2015,ODI # 3583,WestIndies,4
332,won,148 runs,0,lost,1st,v West Indies,Johannesburg,18-01-2015,ODI # 3583,SouthAfrica,3
187,lost,4 wickets,11,won,1st,v New Zealand,Nelson,20-01-2015,ODI # 3585,SriLanka,8
599,won,4 wickets,11,lost,2nd,v Sri Lanka,Nelson,20-01-2015,ODI # 3585,Newzealad,5
755,lost,9 wickets,135,won,1st,v England,Brisbane,20-01-2015,ODI # 3586,India,6
901,won,9 wickets,135,lost,2nd,v India,Brisbane,20-01-2015,ODI # 3586,England,1
43,lost,9 wickets,152,won,1st,v South Africa,East London,21-01-2015,ODI # 3587,WestIndies,4
333,won,9 wickets,152,lost,2nd,v West Indies,East London,21-01-2015,ODI # 3587,SouthAfrica,3
188,lost,108 runs,0,won,2nd,v New Zealand,Dunedin,23-01-2015,ODI # 3588,SriLanka,8
600,won,108 runs,0,lost,1st,v Sri Lanka,Dunedin,23-01-2015,ODI # 3588,Newzealad,5
902,lost,3 wickets,1,lost,1st,v Australia,Hobart,23-01-2015,ODI # 3589,England,1
1142,won,3 wickets,1,won,2nd,v England,Hobart,23-01-2015,ODI # 3589,Australia,2
189,lost,120 runs,0,lost,2nd,v New Zealand,Dunedin,25-01-2015,ODI # 3590,SriLanka,8
601,won,120 runs,0,won,1st,v Sri Lanka,Dunedin,25-01-2015,ODI # 3590,Newzealad,5
44,won,1 wickets,9,won,2nd,v South Africa,Port Elizabeth,25-01-2015,ODI # 3591,WestIndies,4
334,lost,1 wickets,9,lost,1st,v West Indies,Port Elizabeth,25-01-2015,ODI # 3591,SouthAfrica,3
756,n/r,-,0,lost,1st,v Australia,Sydney,26-01-2015,ODI # 3592,India,6
1143,n/r,-,0,won,2nd,v India,Sydney,26-01-2015,ODI # 3592,Australia,2
45,lost,131 runs,0,won,2nd,v South Africa,Centurion,28-01-2015,ODI # 3593,WestIndies,4
335,won,131 runs,0,lost,1st,v West Indies,Centurion,28-01-2015,ODI # 3593,SouthAfrica,3
190,won,34 runs,0,won,1st,v New Zealand,Wellington,29-01-2015,ODI # 3594,SriLanka,8
602,lost,34 runs,0,lost,2nd,v Sri Lanka,Wellington,29-01-2015,ODI # 3594,Newzealad,5
757,lost,3 wickets,19,lost,1st,v England,Perth,30-01-2015,ODI # 3595,India,6
903,won,3 wickets,19,won,2nd,v India,Perth,30-01-2015,ODI # 3595,England,1
469,lost,7 wickets,63,lost,1st,v New Zealand,Wellington,31-01-2015,ODI # 3596,Pakistan,7
603,won,7 wickets,63,won,2nd,v Pakistan,Wellington,31-01-2015,ODI # 3596,Newzealad,5
904,lost,112 runs,0,won,2nd,v Australia,Perth,01-02-2015,ODI # 3597,England,1
1144,won,112 runs,0,lost,1st,v England,Perth,01-02-2015,ODI # 3597,Australia,2
470,lost,119 runs,0,lost,2nd,v New Zealand,Napier,03-02-2015,ODI # 3598,Pakistan,7
604,won,119 runs,0,won,1st,v Pakistan,Napier,03-02-2015,ODI # 3598,Newzealad,5
191,lost,98 runs,0,won,2nd,v New Zealand,Christchurch,14-02-2015,ODI # 3599,SriLanka,8
605,won,98 runs,0,lost,1st,v Sri Lanka,Christchurch,14-02-2015,ODI # 3599,Newzealad,5
905,lost,111 runs,0,won,2nd,v Australia,Melbourne,14-02-2015,ODI # 3600,England,1
1145,won,111 runs,0,lost,1st,v England,Melbourne,14-02-2015,ODI # 3600,Australia,2
336,won,62 runs,0,lost,1st,v Zimbabwe,Hamilton,15-02-2015,ODI # 3601,SouthAfrica,3
471,lost,76 runs,0,lost,2nd,v India,Adelaide,15-02-2015,ODI # 3602,Pakistan,7
758,won,76 runs,0,won,1st,v Pakistan,Adelaide,15-02-2015,ODI # 3602,India,6
46,lost,4 wickets,25,lost,1st,v Ireland,Nelson,16-02-2015,ODI # 3603,WestIndies,4
606,won,3 wickets,151,won,2nd,v Scotland,Dunedin,17-02-2015,ODI # 3604,Newzealad,5
1026,won,105 runs,0,won,1st,v Afghanistan,Canberra,18-02-2015,ODI # 3605,Bangladesh,25
1253,lost,105 runs,0,lost,2nd,v Bangladesh,Canberra,18-02-2015,ODI # 3605,Afghanistan,40
607,won,8 wickets,226,lost,2nd,v England,Wellington,20-02-2015,ODI # 3607,Newzealad,5
906,lost,8 wickets,226,won,1st,v New Zealand,Wellington,20-02-2015,ODI # 3607,England,1
47,won,150 runs,0,lost,1st,v Pakistan,Christchurch,21-02-2015,ODI # 3608,WestIndies,4
472,lost,150 runs,0,won,2nd,v West Indies,Christchurch,21-02-2015,ODI # 3608,Pakistan,7
192,won,4 wickets,10,won,2nd,v Afghanistan,Dunedin,22-02-2015,ODI # 3609,SriLanka,8
1254,lost,4 wickets,10,lost,1st,v Sri Lanka,Dunedin,22-02-2015,ODI # 3609,Afghanistan,40
337,lost,130 runs,0,lost,2nd,v India,Melbourne,22-02-2015,ODI # 3610,SouthAfrica,3
759,won,130 runs,0,won,1st,v South Africa,Melbourne,22-02-2015,ODI # 3610,India,6
907,won,119 runs,0,lost,1st,v Scotland,Christchurch,23-02-2015,ODI # 3611,England,1
48,won,73 runs,0,won,1st,v Zimbabwe,Canberra,24-02-2015,ODI # 3612,WestIndies,4
1255,won,1 wickets,3,won,2nd,v Scotland,Dunedin,26-02-2015,ODI # 3614,Afghanistan,40
193,won,92 runs,0,won,1st,v Bangladesh,Melbourne,26-02-2015,ODI # 3615,SriLanka,8
1028,lost,92 runs,0,lost,2nd,v Sri Lanka,Melbourne,26-02-2015,ODI # 3615,Bangladesh,25
49,lost,257 runs,0,lost,2nd,v South Africa,Sydney,27-02-2015,ODI # 3616,WestIndies,4
338,won,257 runs,0,won,1st,v West Indies,Sydney,27-02-2015,ODI # 3616,SouthAfrica,3
608,won,1 wickets,161,lost,2nd,v Australia,Auckland,28-02-2015,ODI # 3617,Newzealad,5
1147,lost,1 wickets,161,won,1st,v New Zealand,Auckland,28-02-2015,ODI # 3617,Australia,2
760,won,9 wickets,187,lost,2nd,v U.A.E.,Perth,28-02-2015,ODI # 3618,India,6
194,won,9 wickets,16,lost,2nd,v England,Wellington,01-03-2015,ODI # 3619,SriLanka,8
908,lost,9 wickets,16,won,1st,v Sri Lanka,Wellington,01-03-2015,ODI # 3619,England,1
473,won,20 runs,0,won,1st,v Zimbabwe,Brisbane,01-03-2015,ODI # 3620,Pakistan,7
339,won,201 runs,0,won,1st,v Ireland,Canberra,03-03-2015,ODI # 3621,SouthAfrica,3
474,won,129 runs,0,lost,1st,v U.A.E.,Napier,04-03-2015,ODI # 3622,Pakistan,7
1148,won,275 runs,0,lost,1st,v Afghanistan,Perth,04-03-2015,ODI # 3623,Australia,2
1256,lost,275 runs,0,won,2nd,v Australia,Perth,04-03-2015,ODI # 3623,Afghanistan,40
1029,won,6 wickets,11,won,2nd,v Scotland,Nelson,05-03-2015,ODI # 3624,Bangladesh,25
50,lost,4 wickets,65,won,1st,v India,Perth,06-03-2015,ODI # 3625,WestIndies,4
761,won,4 wickets,65,lost,2nd,v West Indies,Perth,06-03-2015,ODI # 3625,India,6
340,lost,29 runs,0,won,2nd,v Pakistan,Auckland,07-03-2015,ODI # 3626,SouthAfrica,3
475,won,29 runs,0,lost,1st,v South Africa,Auckland,07-03-2015,ODI # 3626,Pakistan,7
609,won,6 wickets,83,lost,2nd,v Afghanistan,Napier,08-03-2015,ODI # 3628,Newzealad,5
1257,lost,6 wickets,83,won,1st,v New Zealand,Napier,08-03-2015,ODI # 3628,Afghanistan,40
195,lost,64 runs,0,lost,2nd,v Australia,Sydney,08-03-2015,ODI # 3629,SriLanka,8
1149,won,64 runs,0,won,1st,v Sri Lanka,Sydney,08-03-2015,ODI # 3629,Australia,2
909,lost,15 runs,0,won,2nd,v Bangladesh,Adelaide,09-03-2015,ODI # 3630,England,1
1030,won,15 runs,0,lost,1st,v England,Adelaide,09-03-2015,ODI # 3630,Bangladesh,25
762,won,8 wickets,79,lost,2nd,v Ireland,Hamilton,10-03-2015,ODI # 3631,India,6
196,won,148 runs,0,won,1st,v Scotland,Hobart,11-03-2015,ODI # 3632,SriLanka,8
341,won,146 runs,0,lost,1st,v U.A.E.,Wellington,12-03-2015,ODI # 3633,SouthAfrica,3
610,won,3 wickets,7,won,2nd,v Bangladesh,Hamilton,13-03-2015,ODI # 3634,Newzealad,5
1031,lost,3 wickets,7,lost,1st,v New Zealand,Hamilton,13-03-2015,ODI # 3634,Bangladesh,25
910,won,9 wickets,41,won,2nd,v Afghanistan,Sydney,13-03-2015,ODI # 3635,England,1
1258,lost,9 wickets,41,lost,1st,v England,Sydney,13-03-2015,ODI # 3635,Afghanistan,40
763,won,6 wickets,8,won,2nd,v Zimbabwe,Auckland,14-03-2015,ODI # 3636,India,6
1150,won,7 wickets,208,won,2nd,v Scotland,Hobart,14-03-2015,ODI # 3637,Australia,2
51,won,6 wickets,117,won,2nd,v U.A.E.,Napier,15-03-2015,ODI # 3638,WestIndies,4
476,won,7 wickets,23,lost,2nd,v Ireland,Adelaide,15-03-2015,ODI # 3639,Pakistan,7
197,lost,9 wickets,192,won,1st,v South Africa,Sydney,18-03-2015,ODI # 3640,SriLanka,8
342,won,9 wickets,192,lost,2nd,v Sri Lanka,Sydney,18-03-2015,ODI # 3640,SouthAfrica,3
764,won,109 runs,0,won,1st,v Bangladesh,Melbourne,19-03-2015,ODI # 3641,India,6
1032,lost,109 runs,0,lost,2nd,v India,Melbourne,19-03-2015,ODI # 3641,Bangladesh,25
477,lost,6 wickets,97,won,1st,v Australia,Adelaide,20-03-2015,ODI # 3642,Pakistan,7
1151,won,6 wickets,97,lost,2nd,v Pakistan,Adelaide,20-03-2015,ODI # 3642,Australia,2
52,lost,143 runs,0,lost,2nd,v New Zealand,Wellington,21-03-2015,ODI # 3643,WestIndies,4
611,won,143 runs,0,won,1st,v West Indies,Wellington,21-03-2015,ODI # 3643,Newzealad,5
343,lost,4 wickets,1,won,1st,v New Zealand,Auckland,24-03-2015,ODI # 3644,SouthAfrica,3
612,won,4 wickets,1,lost,2nd,v South Africa,Auckland,24-03-2015,ODI # 3644,Newzealad,5
765,lost,95 runs,0,lost,2nd,v Australia,Sydney,26-03-2015,ODI # 3645,India,6
1152,won,95 runs,0,won,1st,v India,Sydney,26-03-2015,ODI # 3645,Australia,2
613,lost,7 wickets,101,won,1st,v Australia,Melbourne,29-03-2015,ODI # 3646,Newzealad,5
1153,won,7 wickets,101,lost,2nd,v New Zealand,Melbourne,29-03-2015,ODI # 3646,Australia,2
478,lost,79 runs,0,lost,2nd,v Bangladesh,Dhaka,17-04-2015,ODI # 3647,Pakistan,7
1033,won,79 runs,0,won,1st,v Pakistan,Dhaka,17-04-2015,ODI # 3647,Bangladesh,25
479,lost,7 wickets,71,won,1st,v Bangladesh,Dhaka,19-04-2015,ODI # 3648,Pakistan,7
1034,won,7 wickets,71,lost,2nd,v Pakistan,Dhaka,19-04-2015,ODI # 3648,Bangladesh,25
480,lost,8 wickets,63,won,1st,v Bangladesh,Dhaka,22-04-2015,ODI # 3649,Pakistan,7
1035,won,8 wickets,63,lost,2nd,v Pakistan,Dhaka,22-04-2015,ODI # 3649,Bangladesh,25
911,n/r,-,0,won,2nd,v Ireland,Dublin (Malahide),08-05-2015,ODI # 3650,England,1
481,won,41 runs,0,won,1st,v Zimbabwe,Lahore,26-05-2015,ODI # 3651,Pakistan,7
482,won,6 wickets,16,won,2nd,v Zimbabwe,Lahore,29-05-2015,ODI # 3652,Pakistan,7
483,n/r,-,0,won,1st,v Zimbabwe,Lahore,31-05-2015,ODI # 3653,Pakistan,7
614,lost,210 runs,0,won,2nd,v England,Birmingham,09-06-2015,ODI # 3654,Newzealad,5
912,won,210 runs,0,lost,1st,v New Zealand,Birmingham,09-06-2015,ODI # 3654,England,1
615,won,13 runs,0,won,1st,v England,The Oval,12-06-2015,ODI # 3655,Newzealad,5
913,lost,13 runs,0,lost,2nd,v New Zealand,The Oval,12-06-2015,ODI # 3655,England,1
616,won,3 wickets,6,lost,2nd,v England,Southampton,14-06-2015,ODI # 3656,Newzealad,5
914,lost,3 wickets,6,won,1st,v New Zealand,Southampton,14-06-2015,ODI # 3656,England,1
617,lost,7 wickets,36,won,1st,v England,Nottingham,17-06-2015,ODI # 3657,Newzealad,5
915,won,7 wickets,36,lost,2nd,v New Zealand,Nottingham,17-06-2015,ODI # 3657,England,1
766,lost,79 runs,0,lost,2nd,v Bangladesh,Dhaka,18-06-2015,ODI # 3658,India,6
1036,won,79 runs,0,won,1st,v India,Dhaka,18-06-2015,ODI # 3658,Bangladesh,25
618,lost,3 wickets,6,lost,1st,v England,Chester-le-Street,20-06-2015,ODI # 3659,Newzealad,5
916,won,3 wickets,6,won,2nd,v New Zealand,Chester-le-Street,20-06-2015,ODI # 3659,England,1
767,lost,6 wickets,54,won,1st,v Bangladesh,Dhaka,21-06-2015,ODI # 3660,India,6
1037,won,6 wickets,54,lost,2nd,v India,Dhaka,21-06-2015,ODI # 3660,Bangladesh,25
768,won,77 runs,0,lost,1st,v Bangladesh,Dhaka,24-06-2015,ODI # 3661,India,6
1038,lost,77 runs,0,won,2nd,v India,Dhaka,24-06-2015,ODI # 3661,Bangladesh,25
769,won,4 runs,0,lost,1st,v Zimbabwe,Harare,10-07-2015,ODI # 3662,India,6
344,won,8 wickets,53,lost,2nd,v Bangladesh,Dhaka,10-07-2015,ODI # 3663,SouthAfrica,3
1039,lost,8 wickets,53,won,1st,v South Africa,Dhaka,10-07-2015,ODI # 3663,Bangladesh,25
198,lost,6 wickets,28,lost,1st,v Pakistan,Dambulla,11-07-2015,ODI # 3664,SriLanka,8
484,won,6 wickets,28,won,2nd,v Sri Lanka,Dambulla,11-07-2015,ODI # 3664,Pakistan,7
770,won,62 runs,0,lost,1st,v Zimbabwe,Harare,12-07-2015,ODI # 3665,India,6
345,lost,7 wickets,134,won,1st,v Bangladesh,Dhaka,12-07-2015,ODI # 3666,SouthAfrica,3
1040,won,7 wickets,134,lost,2nd,v South Africa,Dhaka,12-07-2015,ODI # 3666,Bangladesh,25
771,won,83 runs,0,lost,1st,v Zimbabwe,Harare,14-07-2015,ODI # 3667,India,6
346,lost,9 wickets,83,won,1st,v Bangladesh,Chattogram,15-07-2015,ODI # 3668,SouthAfrica,3
1041,won,9 wickets,83,lost,2nd,v South Africa,Chattogram,15-07-2015,ODI # 3668,Bangladesh,25
199,won,2 wickets,11,lost,2nd,v Pakistan,Pallekele,15-07-2015,ODI # 3669,SriLanka,8
485,lost,2 wickets,11,won,1st,v Sri Lanka,Pallekele,15-07-2015,ODI # 3669,Pakistan,7
200,lost,135 runs,0,lost,2nd,v Pakistan,Colombo (RPS),19-07-2015,ODI # 3670,SriLanka,8
486,won,135 runs,0,won,1st,v Sri Lanka,Colombo (RPS),19-07-2015,ODI # 3670,Pakistan,7
201,lost,7 wickets,55,won,1st,v Pakistan,Colombo (RPS),22-07-2015,ODI # 3671,SriLanka,8
487,won,7 wickets,55,lost,2nd,v Sri Lanka,Colombo (RPS),22-07-2015,ODI # 3671,Pakistan,7
202,won,165 runs,0,won,1st,v Pakistan,Hambantota,26-07-2015,ODI # 3672,SriLanka,8
488,lost,165 runs,0,lost,2nd,v Sri Lanka,Hambantota,26-07-2015,ODI # 3672,Pakistan,7
619,lost,7 wickets,6,lost,1st,v Zimbabwe,Harare,02-08-2015,ODI # 3673,Newzealad,5
620,won,10 wickets,46,lost,2nd,v Zimbabwe,Harare,04-08-2015,ODI # 3674,Newzealad,5
621,won,38 runs,0,lost,1st,v Zimbabwe,Harare,07-08-2015,ODI # 3675,Newzealad,5
347,won,20 runs,0,lost,1st,v New Zealand,Centurion,19-08-2015,ODI # 3676,SouthAfrica,3
622,lost,20 runs,0,won,2nd,v South Africa,Centurion,19-08-2015,ODI # 3676,Newzealad,5
348,lost,8 wickets,33,won,1st,v New Zealand,Potchefstroom,23-08-2015,ODI # 3677,SouthAfrica,3
623,won,8 wickets,33,lost,2nd,v South Africa,Potchefstroom,23-08-2015,ODI # 3677,Newzealad,5
349,won,62 runs,0,won,1st,v New Zealand,Durban,26-08-2015,ODI # 3678,SouthAfrica,3
624,lost,62 runs,0,lost,2nd,v South Africa,Durban,26-08-2015,ODI # 3678,Newzealad,5
1154,won,23 runs,0,won,1st,v Ireland,Belfast,27-08-2015,ODI # 3679,Australia,2
917,lost,59 runs,0,lost,2nd,v Australia,Southampton,03-09-2015,ODI # 3680,England,1
1155,won,59 runs,0,won,1st,v England,Southampton,03-09-2015,ODI # 3680,Australia,2
918,lost,64 runs,0,won,2nd,v Australia,Lord's,05-09-2015,ODI # 3681,England,1
1156,won,64 runs,0,lost,1st,v England,Lord's,05-09-2015,ODI # 3681,Australia,2
919,won,93 runs,0,won,1st,v Australia,Manchester,08-09-2015,ODI # 3682,England,1
1157,lost,93 runs,0,lost,2nd,v England,Manchester,08-09-2015,ODI # 3682,Australia,2
920,won,3 wickets,10,lost,2nd,v Australia,Leeds,11-09-2015,ODI # 3683,England,1
1158,lost,3 wickets,10,won,1st,v England,Leeds,11-09-2015,ODI # 3683,Australia,2
921,lost,8 wickets,154,won,1st,v Australia,Manchester,13-09-2015,ODI # 3684,England,1
1159,won,8 wickets,154,lost,2nd,v England,Manchester,13-09-2015,ODI # 3684,Australia,2
489,won,131 runs,0,lost,1st,v Zimbabwe,Harare,01-10-2015,ODI # 3685,Pakistan,7
490,lost,5 runs,0,won,2nd,v Zimbabwe,Harare,03-10-2015,ODI # 3686,Pakistan,7
491,won,7 wickets,96,won,2nd,v Zimbabwe,Harare,05-10-2015,ODI # 3687,Pakistan,7
350,won,5 runs,0,won,1st,v India,Kanpur,11-10-2015,ODI # 3689,SouthAfrica,3
772,lost,5 runs,0,lost,2nd,v South Africa,Kanpur,11-10-2015,ODI # 3689,India,6
351,lost,22 runs,0,lost,2nd,v India,Indore,14-10-2015,ODI # 3692,SouthAfrica,3
773,won,22 runs,0,won,1st,v South Africa,Indore,14-10-2015,ODI # 3692,India,6
1259,lost,8 wickets,160,won,1st,v Zimbabwe,Bulawayo,16-10-2015,ODI # 3693,Afghanistan,40
1260,won,58 runs,0,won,1st,v Zimbabwe,Bulawayo,18-10-2015,ODI # 3694,Afghanistan,40
352,won,18 runs,0,won,1st,v India,Rajkot,18-10-2015,ODI # 3695,SouthAfrica,3
774,lost,18 runs,0,lost,2nd,v South Africa,Rajkot,18-10-2015,ODI # 3695,India,6
1261,lost,6 wickets,2,won,1st,v Zimbabwe,Bulawayo,20-10-2015,ODI # 3696,Afghanistan,40
1262,won,3 wickets,20,lost,2nd,v Zimbabwe,Bulawayo,22-10-2015,ODI # 3697,Afghanistan,40
353,lost,35 runs,0,lost,2nd,v India,Chennai,22-10-2015,ODI # 3698,SouthAfrica,3
775,won,35 runs,0,won,1st,v South Africa,Chennai,22-10-2015,ODI # 3698,India,6
1263,won,73 runs,0,lost,1st,v Zimbabwe,Bulawayo,24-10-2015,ODI # 3699,Afghanistan,40
354,won,214 runs,0,won,1st,v India,Mumbai,25-10-2015,ODI # 3700,SouthAfrica,3
776,lost,214 runs,0,lost,2nd,v South Africa,Mumbai,25-10-2015,ODI # 3700,India,6
53,lost,1 wickets,7,lost,1st,v Sri Lanka,Colombo (RPS),01-11-2015,ODI # 3701,WestIndies,4
203,won,1 wickets,7,won,2nd,v West Indies,Colombo (RPS),01-11-2015,ODI # 3701,SriLanka,8
54,lost,8 wickets,9,won,1st,v Sri Lanka,Colombo (RPS),04-11-2015,ODI # 3702,WestIndies,4
204,won,8 wickets,9,lost,2nd,v West Indies,Colombo (RPS),04-11-2015,ODI # 3702,SriLanka,8
1042,won,145 runs,0,lost,1st,v Zimbabwe,Dhaka,07-11-2015,ODI # 3703,Bangladesh,25
55,lost,19 runs,0,lost,1st,v Sri Lanka,Pallekele,07-11-2015,ODI # 3704,WestIndies,4
205,won,19 runs,0,won,2nd,v West Indies,Pallekele,07-11-2015,ODI # 3704,SriLanka,8
1043,won,58 runs,0,lost,1st,v Zimbabwe,Dhaka,09-11-2015,ODI # 3705,Bangladesh,25
1044,won,61 runs,0,won,1st,v Zimbabwe,Dhaka,11-11-2015,ODI # 3706,Bangladesh,25
492,won,6 wickets,38,lost,2nd,v England,Abu Dhabi,11-11-2015,ODI # 3707,Pakistan,7
922,lost,6 wickets,38,won,1st,v Pakistan,Abu Dhabi,11-11-2015,ODI # 3707,England,1
493,lost,95 runs,0,lost,2nd,v England,Abu Dhabi,13-11-2015,ODI # 3708,Pakistan,7
923,won,95 runs,0,won,1st,v Pakistan,Abu Dhabi,13-11-2015,ODI # 3708,England,1
494,lost,6 wickets,54,won,1st,v England,Sharjah,17-11-2015,ODI # 3710,Pakistan,7
924,won,6 wickets,54,lost,2nd,v Pakistan,Sharjah,17-11-2015,ODI # 3710,England,1
495,lost,84 runs,0,lost,2nd,v England,Dubai (DSC),20-11-2015,ODI # 3712,Pakistan,7
925,won,84 runs,0,won,1st,v Pakistan,Dubai (DSC),20-11-2015,ODI # 3712,England,1
1264,won,49 runs,0,won,1st,v Zimbabwe,Sharjah,25-12-2015,ODI # 3713,Afghanistan,40
206,lost,7 wickets,174,won,1st,v New Zealand,Christchurch,26-12-2015,ODI # 3714,SriLanka,8
625,won,7 wickets,174,lost,2nd,v Sri Lanka,Christchurch,26-12-2015,ODI # 3714,Newzealad,5
207,lost,10 wickets,250,won,1st,v New Zealand,Christchurch,28-12-2015,ODI # 3715,SriLanka,8
626,won,10 wickets,250,lost,2nd,v Sri Lanka,Christchurch,28-12-2015,ODI # 3715,Newzealad,5
1265,won,4 wickets,14,lost,2nd,v Zimbabwe,Sharjah,29-12-2015,ODI # 3716,Afghanistan,40
208,won,8 wickets,22,lost,2nd,v New Zealand,Nelson,31-12-2015,ODI # 3717,SriLanka,8
627,lost,8 wickets,22,won,1st,v Sri Lanka,Nelson,31-12-2015,ODI # 3717,Newzealad,5
209,n/r,-,0,won,2nd,v New Zealand,Nelson,02-01-2016,ODI # 3718,SriLanka,8
628,n/r,-,0,lost,1st,v Sri Lanka,Nelson,02-01-2016,ODI # 3718,Newzealad,5
1266,lost,117 runs,0,lost,2nd,v Zimbabwe,Sharjah,02-01-2016,ODI # 3719,Afghanistan,40
1267,lost,65 runs,0,lost,2nd,v Zimbabwe,Sharjah,04-01-2016,ODI # 3720,Afghanistan,40
210,lost,36 runs,0,won,2nd,v New Zealand,Mount Maunganui,05-01-2016,ODI # 3721,SriLanka,8
629,won,36 runs,0,lost,1st,v Sri Lanka,Mount Maunganui,05-01-2016,ODI # 3721,Newzealad,5
1268,won,2 wickets,2,lost,2nd,v Zimbabwe,Sharjah,06-01-2016,ODI # 3722,Afghanistan,40
777,lost,5 wickets,4,won,1st,v Australia,Perth,12-01-2016,ODI # 3723,India,6
1160,won,5 wickets,4,lost,2nd,v India,Perth,12-01-2016,ODI # 3723,Australia,2
778,lost,7 wickets,6,won,1st,v Australia,Brisbane,15-01-2016,ODI # 3724,India,6
1161,won,7 wickets,6,lost,2nd,v India,Brisbane,15-01-2016,ODI # 3724,Australia,2
779,lost,3 wickets,7,lost,1st,v Australia,Melbourne,17-01-2016,ODI # 3725,India,6
1162,won,3 wickets,7,won,2nd,v India,Melbourne,17-01-2016,ODI # 3725,Australia,2
780,lost,25 runs,0,lost,2nd,v Australia,Canberra,20-01-2016,ODI # 3726,India,6
1163,won,25 runs,0,won,1st,v India,Canberra,20-01-2016,ODI # 3726,Australia,2
781,won,6 wickets,2,won,2nd,v Australia,Sydney,23-01-2016,ODI # 3727,India,6
1164,lost,6 wickets,2,lost,1st,v India,Sydney,23-01-2016,ODI # 3727,Australia,2
496,lost,70 runs,0,won,2nd,v New Zealand,Wellington,25-01-2016,ODI # 3728,Pakistan,7
630,won,70 runs,0,lost,1st,v Pakistan,Wellington,25-01-2016,ODI # 3728,Newzealad,5
498,lost,3 wickets,2,won,1st,v New Zealand,Auckland,31-01-2016,ODI # 3730,Pakistan,7
632,won,3 wickets,2,lost,2nd,v Pakistan,Auckland,31-01-2016,ODI # 3730,Newzealad,5
633,won,159 runs,0,lost,1st,v Australia,Auckland,03-02-2016,ODI # 3731,Newzealad,5
1165,lost,159 runs,0,won,2nd,v New Zealand,Auckland,03-02-2016,ODI # 3731,Australia,2
355,lost,39 runs,0,lost,2nd,v England,Bloemfontein,03-02-2016,ODI # 3732,SouthAfrica,3
926,won,39 runs,0,won,1st,v South Africa,Bloemfontein,03-02-2016,ODI # 3732,England,1
634,lost,4 wickets,21,won,1st,v Australia,Wellington,06-02-2016,ODI # 3733,Newzealad,5
1166,won,4 wickets,21,lost,2nd,v New Zealand,Wellington,06-02-2016,ODI # 3733,Australia,2
356,lost,5 wickets,22,won,1st,v England,Port Elizabeth,06-02-2016,ODI # 3734,SouthAfrica,3
927,won,5 wickets,22,lost,2nd,v South Africa,Port Elizabeth,06-02-2016,ODI # 3734,England,1
635,won,55 runs,0,lost,1st,v Australia,Hamilton,08-02-2016,ODI # 3735,Newzealad,5
1167,lost,55 runs,0,won,2nd,v New Zealand,Hamilton,08-02-2016,ODI # 3735,Australia,2
357,won,7 wickets,22,lost,2nd,v England,Centurion,09-02-2016,ODI # 3736,SouthAfrica,3
928,lost,7 wickets,22,won,1st,v South Africa,Centurion,09-02-2016,ODI # 3736,England,1
358,won,1 wickets,16,won,2nd,v England,Johannesburg,12-02-2016,ODI # 3737,SouthAfrica,3
929,lost,1 wickets,16,lost,1st,v South Africa,Johannesburg,12-02-2016,ODI # 3737,England,1
359,won,5 wickets,36,won,2nd,v England,Cape Town,14-02-2016,ODI # 3738,SouthAfrica,3
930,lost,5 wickets,36,lost,1st,v South Africa,Cape Town,14-02-2016,ODI # 3738,England,1
56,won,4 wickets,11,lost,2nd,v South Africa,Providence,03-06-2016,ODI # 3739,WestIndies,4
360,lost,4 wickets,11,won,1st,v West Indies,Providence,03-06-2016,ODI # 3739,SouthAfrica,3
57,lost,6 wickets,146,lost,1st,v Australia,Providence,05-06-2016,ODI # 3740,WestIndies,4
1168,won,6 wickets,146,won,2nd,v West Indies,Providence,05-06-2016,ODI # 3740,Australia,2
361,won,47 runs,0,won,1st,v Australia,Providence,07-06-2016,ODI # 3741,SouthAfrica,3
1169,lost,47 runs,0,lost,2nd,v South Africa,Providence,07-06-2016,ODI # 3741,Australia,2
782,won,9 wickets,45,won,2nd,v Zimbabwe,Harare,11-06-2016,ODI # 3742,India,6
362,lost,36 runs,0,lost,2nd,v Australia,Basseterre,11-06-2016,ODI # 3743,SouthAfrica,3
1170,won,36 runs,0,won,1st,v South Africa,Basseterre,11-06-2016,ODI # 3743,Australia,2
783,won,8 wickets,139,won,2nd,v Zimbabwe,Harare,13-06-2016,ODI # 3744,India,6
58,won,4 wickets,26,won,2nd,v Australia,Basseterre,13-06-2016,ODI # 3745,WestIndies,4
1171,lost,4 wickets,26,lost,1st,v West Indies,Basseterre,13-06-2016,ODI # 3745,Australia,2
784,won,10 wickets,169,lost,2nd,v Zimbabwe,Harare,15-06-2016,ODI # 3746,India,6
59,lost,139 runs,0,won,2nd,v South Africa,Basseterre,15-06-2016,ODI # 3747,WestIndies,4
363,won,139 runs,0,lost,1st,v West Indies,Basseterre,15-06-2016,ODI # 3747,SouthAfrica,3
211,won,76 runs,0,lost,1st,v Ireland,Dublin (Malahide),16-06-2016,ODI # 3748,SriLanka,8
212,won,136 runs,0,lost,1st,v Ireland,Dublin (Malahide),18-06-2016,ODI # 3749,SriLanka,8
364,n/r,-,0,lost,1st,v Australia,Bridgetown,19-06-2016,ODI # 3750,SouthAfrica,3
1172,n/r,-,0,won,2nd,v South Africa,Bridgetown,19-06-2016,ODI # 3750,Australia,2
213,tied,-,0,lost,1st,v England,Nottingham,21-06-2016,ODI # 3751,SriLanka,8
931,tied,-,0,won,2nd,v Sri Lanka,Nottingham,21-06-2016,ODI # 3751,England,1
60,lost,6 wickets,8,lost,1st,v Australia,Bridgetown,21-06-2016,ODI # 3752,WestIndies,4
1173,won,6 wickets,8,won,2nd,v West Indies,Bridgetown,21-06-2016,ODI # 3752,Australia,2
214,lost,10 wickets,95,won,1st,v England,Birmingham,24-06-2016,ODI # 3753,SriLanka,8
932,won,10 wickets,95,lost,2nd,v Sri Lanka,Birmingham,24-06-2016,ODI # 3753,England,1
61,won,100 runs,0,lost,1st,v South Africa,Bridgetown,24-06-2016,ODI # 3754,WestIndies,4
365,lost,100 runs,0,won,2nd,v West Indies,Bridgetown,24-06-2016,ODI # 3754,SouthAfrica,3
215,n/r,-,0,lost,1st,v England,Bristol,26-06-2016,ODI # 3755,SriLanka,8
933,n/r,-,0,won,2nd,v Sri Lanka,Bristol,26-06-2016,ODI # 3755,England,1
62,lost,58 runs,0,lost,2nd,v Australia,Bridgetown,26-06-2016,ODI # 3756,WestIndies,4
1174,won,58 runs,0,won,1st,v West Indies,Bridgetown,26-06-2016,ODI # 3756,Australia,2
216,lost,6 wickets,11,lost,1st,v England,The Oval,29-06-2016,ODI # 3757,SriLanka,8
934,won,6 wickets,11,won,2nd,v Sri Lanka,The Oval,29-06-2016,ODI # 3757,England,1
217,lost,122 runs,0,won,2nd,v England,Cardiff,02-07-2016,ODI # 3758,SriLanka,8
935,won,122 runs,0,lost,1st,v Sri Lanka,Cardiff,02-07-2016,ODI # 3758,England,1
1269,n/r,-,0,lost,1st,v Scotland,Edinburgh,04-07-2016,ODI # 3759,Afghanistan,40
1270,won,78 runs,0,won,1st,v Scotland,Edinburgh,06-07-2016,ODI # 3760,Afghanistan,40
1272,won,39 runs,0,lost,1st,v Ireland,Belfast,12-07-2016,ODI # 3761,Afghanistan,40
1273,lost,6 wickets,15,won,1st,v Ireland,Belfast,14-07-2016,ODI # 3762,Afghanistan,40
1274,won,79 runs,0,won,1st,v Ireland,Belfast,17-07-2016,ODI # 3763,Afghanistan,40
1275,lost,12 runs,0,won,2nd,v Ireland,Belfast,19-07-2016,ODI # 3764,Afghanistan,40
499,won,255 runs,0,lost,1st,v Ireland,Dublin (Malahide),18-08-2016,ODI # 3767,Pakistan,7
218,lost,3 wickets,19,lost,1st,v Australia,Colombo (RPS),21-08-2016,ODI # 3768,SriLanka,8
1175,won,3 wickets,19,won,2nd,v Sri Lanka,Colombo (RPS),21-08-2016,ODI # 3768,Australia,2
219,won,82 runs,0,won,1st,v Australia,Colombo (RPS),24-08-2016,ODI # 3769,SriLanka,8
1176,lost,82 runs,0,lost,2nd,v Sri Lanka,Colombo (RPS),24-08-2016,ODI # 3769,Australia,2
501,lost,44 runs,0,won,1st,v England,Southampton,24-08-2016,ODI # 3770,Pakistan,7
936,won,44 runs,0,lost,2nd,v Pakistan,Southampton,24-08-2016,ODI # 3770,England,1
502,lost,4 wickets,15,won,1st,v England,Lord's,27-08-2016,ODI # 3771,Pakistan,7
937,won,4 wickets,15,lost,2nd,v Pakistan,Lord's,27-08-2016,ODI # 3771,England,1
220,lost,2 wickets,24,won,1st,v Australia,Dambulla,28-08-2016,ODI # 3772,SriLanka,8
1177,won,2 wickets,24,lost,2nd,v Sri Lanka,Dambulla,28-08-2016,ODI # 3772,Australia,2
503,lost,169 runs,0,lost,2nd,v England,Nottingham,30-08-2016,ODI # 3773,Pakistan,7
938,won,169 runs,0,won,1st,v Pakistan,Nottingham,30-08-2016,ODI # 3773,England,1
221,lost,6 wickets,114,won,1st,v Australia,Dambulla,31-08-2016,ODI # 3774,SriLanka,8
1178,won,6 wickets,114,lost,2nd,v Sri Lanka,Dambulla,31-08-2016,ODI # 3774,Australia,2
504,lost,4 wickets,12,won,1st,v England,Leeds,01-09-2016,ODI # 3775,Pakistan,7
939,won,4 wickets,12,lost,2nd,v Pakistan,Leeds,01-09-2016,ODI # 3775,England,1
222,lost,5 wickets,42,won,1st,v Australia,Pallekele,04-09-2016,ODI # 3776,SriLanka,8
1179,won,5 wickets,42,lost,2nd,v Sri Lanka,Pallekele,04-09-2016,ODI # 3776,Australia,2
505,won,4 wickets,10,won,2nd,v England,Cardiff,04-09-2016,ODI # 3777,Pakistan,7
940,lost,4 wickets,10,lost,1st,v Pakistan,Cardiff,04-09-2016,ODI # 3777,England,1
366,won,206 runs,0,lost,1st,v Ireland,Benoni,25-09-2016,ODI # 3780,SouthAfrica,3
1045,won,7 runs,0,won,1st,v Afghanistan,Dhaka,25-09-2016,ODI # 3781,Bangladesh,25
1276,lost,7 runs,0,lost,2nd,v Bangladesh,Dhaka,25-09-2016,ODI # 3781,Afghanistan,40
1180,won,9 wickets,119,lost,2nd,v Ireland,Benoni,27-09-2016,ODI # 3782,Australia,2
1046,lost,2 wickets,2,lost,1st,v Afghanistan,Dhaka,28-09-2016,ODI # 3783,Bangladesh,25
1277,won,2 wickets,2,won,2nd,v Bangladesh,Dhaka,28-09-2016,ODI # 3783,Afghanistan,40
63,lost,111 runs,0,won,2nd,v Pakistan,Sharjah,30-09-2016,ODI # 3784,WestIndies,4
506,won,111 runs,0,lost,1st,v West Indies,Sharjah,30-09-2016,ODI # 3784,Pakistan,7
367,won,6 wickets,82,won,2nd,v Australia,Centurion,30-09-2016,ODI # 3785,SouthAfrica,3
1181,lost,6 wickets,82,lost,1st,v South Africa,Centurion,30-09-2016,ODI # 3785,Australia,2
1047,won,141 runs,0,won,1st,v Afghanistan,Dhaka,01-10-2016,ODI # 3786,Bangladesh,25
1278,lost,141 runs,0,lost,2nd,v Bangladesh,Dhaka,01-10-2016,ODI # 3786,Afghanistan,40
368,won,142 runs,0,lost,1st,v Australia,Johannesburg,02-10-2016,ODI # 3787,SouthAfrica,3
1182,lost,142 runs,0,won,2nd,v South Africa,Johannesburg,02-10-2016,ODI # 3787,Australia,2
64,lost,59 runs,0,lost,2nd,v Pakistan,Sharjah,02-10-2016,ODI # 3788,WestIndies,4
507,won,59 runs,0,won,1st,v West Indies,Sharjah,02-10-2016,ODI # 3788,Pakistan,7
65,lost,136 runs,0,lost,2nd,v Pakistan,Abu Dhabi,05-10-2016,ODI # 3789,WestIndies,4
508,won,136 runs,0,won,1st,v West Indies,Abu Dhabi,05-10-2016,ODI # 3789,Pakistan,7
369,won,4 wickets,4,lost,2nd,v Australia,Durban,05-10-2016,ODI # 3790,SouthAfrica,3
1183,lost,4 wickets,4,won,1st,v South Africa,Durban,05-10-2016,ODI # 3790,Australia,2
941,won,21 runs,0,won,1st,v Bangladesh,Dhaka,07-10-2016,ODI # 3791,England,1
1048,lost,21 runs,0,lost,2nd,v England,Dhaka,07-10-2016,ODI # 3791,Bangladesh,25
370,won,6 wickets,87,lost,2nd,v Australia,Port Elizabeth,09-10-2016,ODI # 3792,SouthAfrica,3
1184,lost,6 wickets,87,won,1st,v South Africa,Port Elizabeth,09-10-2016,ODI # 3792,Australia,2
942,lost,34 runs,0,won,2nd,v Bangladesh,Dhaka,09-10-2016,ODI # 3793,England,1
1049,won,34 runs,0,lost,1st,v England,Dhaka,09-10-2016,ODI # 3793,Bangladesh,25
943,won,4 wickets,13,won,2nd,v Bangladesh,Chattogram,12-10-2016,ODI # 3794,England,1
1050,lost,4 wickets,13,lost,1st,v England,Chattogram,12-10-2016,ODI # 3794,Bangladesh,25
371,won,31 runs,0,won,1st,v Australia,Cape Town,12-10-2016,ODI # 3795,SouthAfrica,3
1185,lost,31 runs,0,lost,2nd,v South Africa,Cape Town,12-10-2016,ODI # 3795,Australia,2
636,lost,6 wickets,101,lost,1st,v India,Dharamsala,16-10-2016,ODI # 3796,Newzealad,5
785,won,6 wickets,101,won,2nd,v New Zealand,Dharamsala,16-10-2016,ODI # 3796,India,6
637,won,6 runs,0,lost,1st,v India,Delhi,20-10-2016,ODI # 3797,Newzealad,5
786,lost,6 runs,0,won,2nd,v New Zealand,Delhi,20-10-2016,ODI # 3797,India,6
638,lost,7 wickets,10,lost,1st,v India,Mohali,23-10-2016,ODI # 3798,Newzealad,5
787,won,7 wickets,10,won,2nd,v New Zealand,Mohali,23-10-2016,ODI # 3798,India,6
639,won,19 runs,0,won,1st,v India,Ranchi,26-10-2016,ODI # 3799,Newzealad,5
788,lost,19 runs,0,lost,2nd,v New Zealand,Ranchi,26-10-2016,ODI # 3799,India,6
640,lost,190 runs,0,lost,2nd,v India,Visakhapatnam,29-10-2016,ODI # 3800,Newzealad,5
789,won,190 runs,0,won,1st,v New Zealand,Visakhapatnam,29-10-2016,ODI # 3800,India,6
223,won,8 wickets,153,won,2nd,v Zimbabwe,Harare,14-11-2016,ODI # 3804,SriLanka,8
66,won,62 runs,0,lost,1st,v Sri Lanka,Harare,16-11-2016,ODI # 3805,WestIndies,4
224,lost,62 runs,0,won,2nd,v West Indies,Harare,16-11-2016,ODI # 3805,SriLanka,8
67,tied,-,0,lost,2nd,v Zimbabwe,Bulawayo,19-11-2016,ODI # 3806,WestIndies,4
225,n/r,-,0,lost,2nd,v Zimbabwe,Bulawayo,21-11-2016,ODI # 3807,SriLanka,8
68,lost,1 runs,0,won,2nd,v Sri Lanka,Bulawayo,23-11-2016,ODI # 3808,WestIndies,4
226,won,1 runs,0,lost,1st,v West Indies,Bulawayo,23-11-2016,ODI # 3808,SriLanka,8
69,lost,5 runs,0,lost,2nd,v Zimbabwe,Bulawayo,25-11-2016,ODI # 3809,WestIndies,4
227,won,6 wickets,75,lost,2nd,v Zimbabwe,Bulawayo,27-11-2016,ODI # 3810,SriLanka,8
641,lost,68 runs,0,lost,2nd,v Australia,Sydney,04-12-2016,ODI # 3811,Newzealad,5
1186,won,68 runs,0,won,1st,v New Zealand,Sydney,04-12-2016,ODI # 3811,Australia,2
642,lost,116 runs,0,won,2nd,v Australia,Canberra,06-12-2016,ODI # 3812,Newzealad,5
1187,won,116 runs,0,lost,1st,v New Zealand,Canberra,06-12-2016,ODI # 3812,Australia,2
643,lost,117 runs,0,lost,2nd,v Australia,Melbourne,09-12-2016,ODI # 3813,Newzealad,5
1188,won,117 runs,0,won,1st,v New Zealand,Melbourne,09-12-2016,ODI # 3813,Australia,2
644,won,77 runs,0,won,1st,v Bangladesh,Christchurch,26-12-2016,ODI # 3814,Newzealad,5
1051,lost,77 runs,0,lost,2nd,v New Zealand,Christchurch,26-12-2016,ODI # 3814,Bangladesh,25
645,won,67 runs,0,lost,1st,v Bangladesh,Nelson,29-12-2016,ODI # 3815,Newzealad,5
1052,lost,67 runs,0,won,2nd,v New Zealand,Nelson,29-12-2016,ODI # 3815,Bangladesh,25
646,won,8 wickets,52,lost,2nd,v Bangladesh,Nelson,31-12-2016,ODI # 3816,Newzealad,5
1053,lost,8 wickets,52,won,1st,v New Zealand,Nelson,31-12-2016,ODI # 3816,Bangladesh,25
509,lost,92 runs,0,lost,2nd,v Australia,Brisbane,13-01-2017,ODI # 3817,Pakistan,7
1189,won,92 runs,0,won,1st,v Pakistan,Brisbane,13-01-2017,ODI # 3817,Australia,2
510,won,6 wickets,14,lost,2nd,v Australia,Melbourne,15-01-2017,ODI # 3818,Pakistan,7
1190,lost,6 wickets,14,won,1st,v Pakistan,Melbourne,15-01-2017,ODI # 3818,Australia,2
790,won,3 wickets,11,won,2nd,v England,Pune,15-01-2017,ODI # 3819,India,6
944,lost,3 wickets,11,lost,1st,v India,Pune,15-01-2017,ODI # 3819,England,1
511,lost,7 wickets,30,lost,1st,v Australia,Perth,19-01-2017,ODI # 3820,Pakistan,7
1191,won,7 wickets,30,won,2nd,v Pakistan,Perth,19-01-2017,ODI # 3820,Australia,2
791,won,15 runs,0,lost,1st,v England,Cuttack,19-01-2017,ODI # 3821,India,6
945,lost,15 runs,0,won,2nd,v India,Cuttack,19-01-2017,ODI # 3821,England,1
512,lost,86 runs,0,lost,2nd,v Australia,Sydney,22-01-2017,ODI # 3822,Pakistan,7
1192,won,86 runs,0,won,1st,v Pakistan,Sydney,22-01-2017,ODI # 3822,Australia,2
792,lost,5 runs,0,won,2nd,v England,Kolkata,22-01-2017,ODI # 3824,India,6
946,won,5 runs,0,lost,1st,v India,Kolkata,22-01-2017,ODI # 3824,England,1
513,lost,57 runs,0,lost,2nd,v Australia,Adelaide,26-01-2017,ODI # 3826,Pakistan,7
1193,won,57 runs,0,won,1st,v Pakistan,Adelaide,26-01-2017,ODI # 3826,Australia,2
228,lost,8 wickets,94,lost,1st,v South Africa,Port Elizabeth,28-01-2017,ODI # 3828,SriLanka,8
372,won,8 wickets,94,won,2nd,v Sri Lanka,Port Elizabeth,28-01-2017,ODI # 3828,SouthAfrica,3
647,won,6 runs,0,lost,1st,v Australia,Auckland,30-01-2017,ODI # 3829,Newzealad,5
1194,lost,6 runs,0,won,2nd,v New Zealand,Auckland,30-01-2017,ODI # 3829,Australia,2
229,lost,121 runs,0,won,2nd,v South Africa,Durban,01-02-2017,ODI # 3830,SriLanka,8
373,won,121 runs,0,lost,1st,v Sri Lanka,Durban,01-02-2017,ODI # 3830,SouthAfrica,3
230,lost,7 wickets,108,lost,1st,v South Africa,Johannesburg,04-02-2017,ODI # 3831,SriLanka,8
374,won,7 wickets,108,won,2nd,v Sri Lanka,Johannesburg,04-02-2017,ODI # 3831,SouthAfrica,3
649,won,24 runs,0,won,1st,v Australia,Hamilton,05-02-2017,ODI # 3832,Newzealad,5
1196,lost,24 runs,0,lost,2nd,v New Zealand,Hamilton,05-02-2017,ODI # 3832,Australia,2
231,lost,40 runs,0,lost,2nd,v South Africa,Cape Town,07-02-2017,ODI # 3833,SriLanka,8
375,won,40 runs,0,won,1st,v Sri Lanka,Cape Town,07-02-2017,ODI # 3833,SouthAfrica,3
232,lost,88 runs,0,won,2nd,v South Africa,Centurion,10-02-2017,ODI # 3834,SriLanka,8
376,won,88 runs,0,lost,1st,v Sri Lanka,Centurion,10-02-2017,ODI # 3834,SouthAfrica,3
1279,won,12 runs,0,won,1st,v Zimbabwe,Harare,16-02-2017,ODI # 3835,Afghanistan,40
377,won,4 wickets,1,won,2nd,v New Zealand,Hamilton,19-02-2017,ODI # 3836,SouthAfrica,3
650,lost,4 wickets,1,lost,1st,v South Africa,Hamilton,19-02-2017,ODI # 3836,Newzealad,5
1280,won,54 runs,0,won,1st,v Zimbabwe,Harare,19-02-2017,ODI # 3837,Afghanistan,40
1281,lost,3 runs,0,lost,2nd,v Zimbabwe,Harare,21-02-2017,ODI # 3838,Afghanistan,40
378,lost,6 runs,0,won,2nd,v New Zealand,Christchurch,22-02-2017,ODI # 3839,SouthAfrica,3
651,won,6 runs,0,lost,1st,v South Africa,Christchurch,22-02-2017,ODI # 3839,Newzealad,5
1282,lost,7 wickets,118,won,1st,v Zimbabwe,Harare,24-02-2017,ODI # 3840,Afghanistan,40
379,won,159 runs,0,won,1st,v New Zealand,Wellington,25-02-2017,ODI # 3841,SouthAfrica,3
652,lost,159 runs,0,lost,2nd,v South Africa,Wellington,25-02-2017,ODI # 3841,Newzealad,5
1283,won,106 runs,0,won,1st,v Zimbabwe,Harare,26-02-2017,ODI # 3842,Afghanistan,40
380,lost,7 wickets,30,won,1st,v New Zealand,Hamilton,01-03-2017,ODI # 3843,SouthAfrica,3
653,won,7 wickets,30,lost,2nd,v South Africa,Hamilton,01-03-2017,ODI # 3843,Newzealad,5
70,lost,45 runs,0,won,2nd,v England,North Sound,03-03-2017,ODI # 3845,WestIndies,4
947,won,45 runs,0,lost,1st,v West Indies,North Sound,03-03-2017,ODI # 3845,England,1
381,won,6 wickets,106,won,2nd,v New Zealand,Auckland,04-03-2017,ODI # 3846,SouthAfrica,3
654,lost,6 wickets,106,lost,1st,v South Africa,Auckland,04-03-2017,ODI # 3846,Newzealad,5
71,lost,4 wickets,10,won,1st,v England,North Sound,05-03-2017,ODI # 3848,WestIndies,4
948,won,4 wickets,10,lost,2nd,v West Indies,North Sound,05-03-2017,ODI # 3848,England,1
72,lost,186 runs,0,won,2nd,v England,Bridgetown,09-03-2017,ODI # 3849,WestIndies,4
949,won,186 runs,0,lost,1st,v West Indies,Bridgetown,09-03-2017,ODI # 3849,England,1
1284,won,30 runs,0,won,1st,v Ireland,Greater Noida,15-03-2017,ODI # 3850,Afghanistan,40
1285,won,34 runs,0,won,1st,v Ireland,Greater Noida,17-03-2017,ODI # 3851,Afghanistan,40
1286,lost,6 wickets,9,won,1st,v Ireland,Greater Noida,19-03-2017,ODI # 3852,Afghanistan,40
1287,lost,3 wickets,19,won,1st,v Ireland,Greater Noida,22-03-2017,ODI # 3853,Afghanistan,40
1288,won,7 wickets,8,lost,2nd,v Ireland,Greater Noida,24-03-2017,ODI # 3854,Afghanistan,40
233,lost,90 runs,0,won,2nd,v Bangladesh,Dambulla,25-03-2017,ODI # 3855,SriLanka,8
1054,won,90 runs,0,lost,1st,v Sri Lanka,Dambulla,25-03-2017,ODI # 3855,Bangladesh,25
234,n/r,-,0,won,1st,v Bangladesh,Dambulla,28-03-2017,ODI # 3856,SriLanka,8
1055,n/r,-,0,lost,2nd,v Sri Lanka,Dambulla,28-03-2017,ODI # 3856,Bangladesh,25
235,won,70 runs,0,lost,1st,v Bangladesh,Colombo (SSC),01-04-2017,ODI # 3858,SriLanka,8
1056,lost,70 runs,0,won,2nd,v Sri Lanka,Colombo (SSC),01-04-2017,ODI # 3858,Bangladesh,25
73,won,4 wickets,6,won,2nd,v Pakistan,Providence,07-04-2017,ODI # 3861,WestIndies,4
514,lost,4 wickets,6,lost,1st,v West Indies,Providence,07-04-2017,ODI # 3861,Pakistan,7
74,lost,74 runs,0,won,2nd,v Pakistan,Providence,09-04-2017,ODI # 3862,WestIndies,4
515,won,74 runs,0,lost,1st,v West Indies,Providence,09-04-2017,ODI # 3862,Pakistan,7
75,lost,6 wickets,41,won,1st,v Pakistan,Providence,11-04-2017,ODI # 3863,WestIndies,4
516,won,6 wickets,41,lost,2nd,v West Indies,Providence,11-04-2017,ODI # 3863,Pakistan,7
950,won,7 wickets,180,lost,2nd,v Ireland,Bristol,05-05-2017,ODI # 3864,England,1
951,won,85 runs,0,lost,1st,v Ireland,Lord's,07-05-2017,ODI # 3865,England,1
1057,n/r,-,0,lost,1st,v Ireland,Dublin (Malahide),12-05-2017,ODI # 3866,Bangladesh,25
655,won,51 runs,0,lost,1st,v Ireland,Dublin (Malahide),14-05-2017,ODI # 3867,Newzealad,5
656,won,4 wickets,15,won,2nd,v Bangladesh,Dublin,17-05-2017,ODI # 3868,Newzealad,5
1058,lost,4 wickets,15,lost,1st,v New Zealand,Dublin,17-05-2017,ODI # 3868,Bangladesh,25
1059,won,8 wickets,137,won,2nd,v Ireland,Dublin (Malahide),19-05-2017,ODI # 3869,Bangladesh,25
657,won,190 runs,0,lost,1st,v Ireland,Dublin (Malahide),21-05-2017,ODI # 3870,Newzealad,5
658,lost,5 wickets,10,lost,1st,v Bangladesh,Dublin,24-05-2017,ODI # 3871,Newzealad,5
1060,won,5 wickets,10,won,2nd,v New Zealand,Dublin,24-05-2017,ODI # 3871,Bangladesh,25
382,lost,72 runs,0,won,2nd,v England,Leeds,24-05-2017,ODI # 3872,SouthAfrica,3
952,won,72 runs,0,lost,1st,v South Africa,Leeds,24-05-2017,ODI # 3872,England,1
383,lost,2 runs,0,won,2nd,v England,Southampton,27-05-2017,ODI # 3873,SouthAfrica,3
953,won,2 runs,0,lost,1st,v South Africa,Southampton,27-05-2017,ODI # 3873,England,1
384,won,7 wickets,127,won,2nd,v England,Lord's,29-05-2017,ODI # 3874,SouthAfrica,3
954,lost,7 wickets,127,lost,1st,v South Africa,Lord's,29-05-2017,ODI # 3874,England,1
955,won,8 wickets,16,won,2nd,v Bangladesh,The Oval,01-06-2017,ODI # 3875,England,1
1061,lost,8 wickets,16,lost,1st,v England,The Oval,01-06-2017,ODI # 3875,Bangladesh,25
659,n/r,-,0,won,1st,v Australia,Birmingham,02-06-2017,ODI # 3876,Newzealad,5
1197,n/r,-,0,lost,2nd,v New Zealand,Birmingham,02-06-2017,ODI # 3876,Australia,2
236,lost,96 runs,0,won,2nd,v South Africa,The Oval,03-06-2017,ODI # 3877,SriLanka,8
385,won,96 runs,0,lost,1st,v Sri Lanka,The Oval,03-06-2017,ODI # 3877,SouthAfrica,3
517,lost,124 runs,0,won,2nd,v India,Birmingham,04-06-2017,ODI # 3878,Pakistan,7
793,won,124 runs,0,lost,1st,v Pakistan,Birmingham,04-06-2017,ODI # 3878,India,6
1062,n/r,-,0,won,1st,v Australia,The Oval,05-06-2017,ODI # 3879,Bangladesh,25
1198,n/r,-,0,lost,2nd,v Bangladesh,The Oval,05-06-2017,ODI # 3879,Australia,2
660,lost,87 runs,0,won,2nd,v England,Cardiff,06-06-2017,ODI # 3880,Newzealad,5
956,won,87 runs,0,lost,1st,v New Zealand,Cardiff,06-06-2017,ODI # 3880,England,1
386,lost,19 runs,0,won,1st,v Pakistan,Birmingham,07-06-2017,ODI # 3881,SouthAfrica,3
518,won,19 runs,0,lost,2nd,v South Africa,Birmingham,07-06-2017,ODI # 3881,Pakistan,7
237,won,7 wickets,8,won,2nd,v India,The Oval,08-06-2017,ODI # 3882,SriLanka,8
794,lost,7 wickets,8,lost,1st,v Sri Lanka,The Oval,08-06-2017,ODI # 3882,India,6
661,lost,5 wickets,16,won,1st,v Bangladesh,Cardiff,09-06-2017,ODI # 3883,Newzealad,5
1063,won,5 wickets,16,lost,2nd,v New Zealand,Cardiff,09-06-2017,ODI # 3883,Bangladesh,25
76,lost,63 runs,0,lost,2nd,v Afghanistan,Gros Islet,09-06-2017,ODI # 3884,WestIndies,4
1289,won,63 runs,0,won,1st,v West Indies,Gros Islet,09-06-2017,ODI # 3884,Afghanistan,40
957,won,40 runs,0,won,2nd,v Australia,Birmingham,10-06-2017,ODI # 3885,England,1
1199,lost,40 runs,0,lost,1st,v England,Birmingham,10-06-2017,ODI # 3885,Australia,2
387,lost,8 wickets,72,lost,1st,v India,The Oval,11-06-2017,ODI # 3886,SouthAfrica,3
795,won,8 wickets,72,won,2nd,v South Africa,The Oval,11-06-2017,ODI # 3886,India,6
77,won,4 wickets,64,lost,2nd,v Afghanistan,Gros Islet,11-06-2017,ODI # 3887,WestIndies,4
1290,lost,4 wickets,64,won,1st,v West Indies,Gros Islet,11-06-2017,ODI # 3887,Afghanistan,40
238,lost,3 wickets,31,lost,1st,v Pakistan,Cardiff,12-06-2017,ODI # 3888,SriLanka,8
519,won,3 wickets,31,won,2nd,v Sri Lanka,Cardiff,12-06-2017,ODI # 3888,Pakistan,7
520,won,8 wickets,77,won,2nd,v England,Cardiff,14-06-2017,ODI # 3889,Pakistan,7
958,lost,8 wickets,77,lost,1st,v Pakistan,Cardiff,14-06-2017,ODI # 3889,England,1
796,won,9 wickets,59,won,2nd,v Bangladesh,Birmingham,15-06-2017,ODI # 3891,India,6
1064,lost,9 wickets,59,lost,1st,v India,Birmingham,15-06-2017,ODI # 3891,Bangladesh,25
521,won,180 runs,0,lost,1st,v India,The Oval,18-06-2017,ODI # 3894,Pakistan,7
797,lost,180 runs,0,won,2nd,v Pakistan,The Oval,18-06-2017,ODI # 3894,India,6
79,n/r,-,0,won,2nd,v India,Port of Spain,23-06-2017,ODI # 3895,WestIndies,4
798,n/r,-,0,lost,1st,v West Indies,Port of Spain,23-06-2017,ODI # 3895,India,6
80,lost,105 runs,0,won,2nd,v India,Port of Spain,25-06-2017,ODI # 3896,WestIndies,4
799,won,105 runs,0,lost,1st,v West Indies,Port of Spain,25-06-2017,ODI # 3896,India,6
239,lost,6 wickets,14,won,1st,v Zimbabwe,Galle,30-06-2017,ODI # 3897,SriLanka,8
81,lost,93 runs,0,won,2nd,v India,North Sound,30-06-2017,ODI # 3898,WestIndies,4
800,won,93 runs,0,lost,1st,v West Indies,North Sound,30-06-2017,ODI # 3898,India,6
240,won,7 wickets,119,won,2nd,v Zimbabwe,Galle,02-07-2017,ODI # 3899,SriLanka,8
82,won,11 runs,0,won,1st,v India,North Sound,02-07-2017,ODI # 3900,WestIndies,4
801,lost,11 runs,0,lost,2nd,v West Indies,North Sound,02-07-2017,ODI # 3900,India,6
241,won,8 wickets,16,won,2nd,v Zimbabwe,Hambantota,06-07-2017,ODI # 3901,SriLanka,8
83,lost,8 wickets,79,won,1st,v India,Kingston,06-07-2017,ODI # 3902,WestIndies,4
802,won,8 wickets,79,lost,2nd,v West Indies,Kingston,06-07-2017,ODI # 3902,India,6
242,lost,4 wickets,10,won,1st,v Zimbabwe,Hambantota,08-07-2017,ODI # 3903,SriLanka,8
243,lost,3 wickets,71,lost,1st,v Zimbabwe,Hambantota,10-07-2017,ODI # 3904,SriLanka,8
244,lost,9 wickets,127,lost,1st,v India,Dambulla,20-08-2017,ODI # 3905,SriLanka,8
803,won,9 wickets,127,won,2nd,v Sri Lanka,Dambulla,20-08-2017,ODI # 3905,India,6
245,lost,3 wickets,16,lost,1st,v India,Pallekele,24-08-2017,ODI # 3906,SriLanka,8
804,won,3 wickets,16,won,2nd,v Sri Lanka,Pallekele,24-08-2017,ODI # 3906,India,6
246,lost,6 wickets,29,won,1st,v India,Pallekele,27-08-2017,ODI # 3907,SriLanka,8
805,won,6 wickets,29,lost,2nd,v Sri Lanka,Pallekele,27-08-2017,ODI # 3907,India,6
247,lost,168 runs,0,lost,2nd,v India,Colombo (RPS),31-08-2017,ODI # 3908,SriLanka,8
806,won,168 runs,0,won,1st,v Sri Lanka,Colombo (RPS),31-08-2017,ODI # 3908,India,6
248,lost,6 wickets,21,won,1st,v India,Colombo (RPS),03-09-2017,ODI # 3909,SriLanka,8
807,won,6 wickets,21,lost,2nd,v Sri Lanka,Colombo (RPS),03-09-2017,ODI # 3909,India,6
808,won,26 runs,0,won,1st,v Australia,Chennai,17-09-2017,ODI # 3910,India,6
1200,lost,26 runs,0,lost,2nd,v India,Chennai,17-09-2017,ODI # 3910,Australia,2
85,lost,7 wickets,67,won,1st,v England,Manchester,19-09-2017,ODI # 3911,WestIndies,4
959,won,7 wickets,67,lost,2nd,v West Indies,Manchester,19-09-2017,ODI # 3911,England,1
809,won,50 runs,0,won,1st,v Australia,Kolkata,21-09-2017,ODI # 3912,India,6
1201,lost,50 runs,0,lost,2nd,v India,Kolkata,21-09-2017,ODI # 3912,Australia,2
86,n/r,-,0,won,2nd,v England,Nottingham,21-09-2017,ODI # 3913,WestIndies,4
960,n/r,-,0,lost,1st,v West Indies,Nottingham,21-09-2017,ODI # 3913,England,1
810,won,5 wickets,13,lost,2nd,v Australia,Indore,24-09-2017,ODI # 3914,India,6
1202,lost,5 wickets,13,won,1st,v India,Indore,24-09-2017,ODI # 3914,Australia,2
87,lost,124 runs,0,won,2nd,v England,Bristol,24-09-2017,ODI # 3915,WestIndies,4
961,won,124 runs,0,lost,1st,v West Indies,Bristol,24-09-2017,ODI # 3915,England,1
88,lost,6 runs,0,lost,1st,v England,The Oval,27-09-2017,ODI # 3916,WestIndies,4
962,won,6 runs,0,won,2nd,v West Indies,The Oval,27-09-2017,ODI # 3916,England,1
811,lost,21 runs,0,lost,2nd,v Australia,Bengaluru,28-09-2017,ODI # 3917,India,6
1203,won,21 runs,0,won,1st,v India,Bengaluru,28-09-2017,ODI # 3917,Australia,2
89,lost,9 wickets,72,lost,1st,v England,Southampton,29-09-2017,ODI # 3918,WestIndies,4
963,won,9 wickets,72,won,2nd,v West Indies,Southampton,29-09-2017,ODI # 3918,England,1
812,won,7 wickets,43,lost,2nd,v Australia,Nagpur,01-10-2017,ODI # 3919,India,6
1204,lost,7 wickets,43,won,1st,v India,Nagpur,01-10-2017,ODI # 3919,Australia,2
249,lost,83 runs,0,won,2nd,v Pakistan,Dubai (DSC),13-10-2017,ODI # 3922,SriLanka,8
522,won,83 runs,0,lost,1st,v Sri Lanka,Dubai (DSC),13-10-2017,ODI # 3922,Pakistan,7
388,won,10 wickets,43,lost,2nd,v Bangladesh,Kimberley,15-10-2017,ODI # 3923,SouthAfrica,3
1065,lost,10 wickets,43,won,1st,v South Africa,Kimberley,15-10-2017,ODI # 3923,Bangladesh,25
250,lost,32 runs,0,lost,2nd,v Pakistan,Abu Dhabi,16-10-2017,ODI # 3924,SriLanka,8
523,won,32 runs,0,won,1st,v Sri Lanka,Abu Dhabi,16-10-2017,ODI # 3924,Pakistan,7
389,won,104 runs,0,lost,1st,v Bangladesh,Paarl,18-10-2017,ODI # 3925,SouthAfrica,3
1066,lost,104 runs,0,won,2nd,v South Africa,Paarl,18-10-2017,ODI # 3925,Bangladesh,25
251,lost,7 wickets,45,won,1st,v Pakistan,Abu Dhabi,18-10-2017,ODI # 3926,SriLanka,8
524,won,7 wickets,45,lost,2nd,v Sri Lanka,Abu Dhabi,18-10-2017,ODI # 3926,Pakistan,7
252,lost,7 wickets,66,won,1st,v Pakistan,Sharjah,20-10-2017,ODI # 3927,SriLanka,8
525,won,7 wickets,66,lost,2nd,v Sri Lanka,Sharjah,20-10-2017,ODI # 3927,Pakistan,7
662,won,6 wickets,6,lost,2nd,v India,Mumbai,22-10-2017,ODI # 3928,Newzealad,5
813,lost,6 wickets,6,won,1st,v New Zealand,Mumbai,22-10-2017,ODI # 3928,India,6
390,won,200 runs,0,won,1st,v Bangladesh,East London,22-10-2017,ODI # 3929,SouthAfrica,3
1067,lost,200 runs,0,lost,2nd,v South Africa,East London,22-10-2017,ODI # 3929,Bangladesh,25
253,lost,9 wickets,178,won,1st,v Pakistan,Sharjah,23-10-2017,ODI # 3930,SriLanka,8
526,won,9 wickets,178,lost,2nd,v Sri Lanka,Sharjah,23-10-2017,ODI # 3930,Pakistan,7
663,lost,6 wickets,24,won,1st,v India,Pune,25-10-2017,ODI # 3931,Newzealad,5
814,won,6 wickets,24,lost,2nd,v New Zealand,Pune,25-10-2017,ODI # 3931,India,6
664,lost,6 runs,0,won,2nd,v India,Kanpur,29-10-2017,ODI # 3932,Newzealad,5
815,won,6 runs,0,lost,1st,v New Zealand,Kanpur,29-10-2017,ODI # 3932,India,6
1292,won,138 runs,0,lost,1st,v Ireland,Sharjah,05-12-2017,ODI # 3935,Afghanistan,40
1293,lost,51 runs,0,lost,2nd,v Ireland,Sharjah,07-12-2017,ODI # 3937,Afghanistan,40
254,won,7 wickets,176,won,2nd,v India,Dharamsala,10-12-2017,ODI # 3939,SriLanka,8
816,lost,7 wickets,176,lost,1st,v Sri Lanka,Dharamsala,10-12-2017,ODI # 3939,India,6
1294,lost,5 wickets,72,won,1st,v Ireland,Sharjah,10-12-2017,ODI # 3940,Afghanistan,40
255,lost,141 runs,0,won,2nd,v India,Mohali,13-12-2017,ODI # 3941,SriLanka,8
